tp_grau_academico,co_curso,cpc_faixa
licenciatura,6,4
licenciatura,19,4
licenciatura,26,3
licenciatura,27,3
licenciatura,29,4
bacharelado,36,4
licenciatura,18354,3
licenciatura,22118,4
licenciatura,25903,3
licenciatura,25949,3
licenciatura,26025,3
licenciatura,41690,3
licenciatura,94331,3
licenciatura,100775,4
licenciatura,100777,4
licenciatura,101184,3
licenciatura,106050,3
licenciatura,106052,4
bacharelado,112846,4
bacharelado,116560,3
licenciatura,116690,3
bacharelado,118002,4
licenciatura,1103426,3
licenciatura,1103701,3
licenciatura,1103708,4
bacharelado,1103709,4
licenciatura,1103710,4
licenciatura,1103711,4
bacharelado,1103712,3
bacharelado,1103742,3
bacharelado,1168551,4
bacharelado,1285517,4
bacharelado,127,4
licenciatura,133,3
licenciatura,142,4
licenciatura,150,4
licenciatura,151,4
licenciatura,158,4
licenciatura,159,4
licenciatura,160,4
licenciatura,161,4
licenciatura,162,4
licenciatura,163,4
licenciatura,18032,4
bacharelado,26978,4
bacharelado,27858,4
bacharelado,29692,4
licenciatura,29693,4
bacharelado,33204,4
bacharelado,33205,4
licenciatura,34644,4
bacharelado,34983,4
bacharelado,34992,4
licenciatura,44362,4
licenciatura,44366,4
licenciatura,44369,4
licenciatura,44372,3
licenciatura,44377,4
bacharelado,44382,4
licenciatura,44418,3
licenciatura,52159,3
licenciatura,122214,4
licenciatura,122220,3
bacharelado,300118,4
bacharelado,300129,4
licenciatura,1138346,4
bacharelado,1192413,4
licenciatura,297,4
bacharelado,310,4
licenciatura,311,4
licenciatura,315,4
bacharelado,317,4
bacharelado,318,4
bacharelado,322,3
licenciatura,326,4
licenciatura,327,4
licenciatura,328,4
bacharelado,20190,4
licenciatura,20763,4
licenciatura,20768,4
licenciatura,20782,4
licenciatura,80419,3
licenciatura,80877,3
licenciatura,80886,4
licenciatura,80896,4
bacharelado,95017,4
licenciatura,95037,4
licenciatura,95050,3
licenciatura,95051,4
licenciatura,95053,3
licenciatura,95055,3
licenciatura,95057,4
licenciatura,95059,4
bacharelado,99406,4
bacharelado,99423,4
licenciatura,99425,3
licenciatura,99426,4
licenciatura,101666,4
bacharelado,1108064,4
licenciatura,379,3
licenciatura,380,3
licenciatura,381,4
licenciatura,382,4
licenciatura,396,4
licenciatura,397,4
licenciatura,398,4
licenciatura,402,4
licenciatura,403,3
bacharelado,407,3
licenciatura,27733,3
licenciatura,34646,3
bacharelado,62484,4
licenciatura,62486,3
licenciatura,62512,3
licenciatura,101606,3
licenciatura,101614,3
licenciatura,101639,3
licenciatura,101641,3
bacharelado,104364,4
bacharelado,104366,4
bacharelado,112086,3
licenciatura,112100,3
licenciatura,112102,3
bacharelado,116832,3
bacharelado,300403,3
licenciatura,1103469,2
bacharelado,1106983,4
bacharelado,1110779,3
licenciatura,487,4
licenciatura,494,4
licenciatura,495,3
licenciatura,496,3
bacharelado,498,3
bacharelado,513,4
bacharelado,519,3
bacharelado,525,4
licenciatura,32832,3
licenciatura,33221,4
licenciatura,56030,4
licenciatura,73192,4
licenciatura,94086,3
licenciatura,99714,4
licenciatura,99860,3
licenciatura,102588,3
bacharelado,102590,4
licenciatura,104018,4
licenciatura,116638,4
licenciatura,116642,3
licenciatura,300518,3
licenciatura,300520,3
licenciatura,1105124,3
licenciatura,1105133,3
licenciatura,1105815,3
licenciatura,1105828,3
licenciatura,1105897,4
licenciatura,592,4
licenciatura,593,4
bacharelado,594,4
licenciatura,595,4
licenciatura,18876,4
licenciatura,18877,5
licenciatura,21158,3
bacharelado,80779,4
licenciatura,112592,5
licenciatura,112600,4
licenciatura,112606,4
bacharelado,300592,4
bacharelado,300595,5
bacharelado,318876,4
bacharelado,1083188,4
licenciatura,1168454,3
bacharelado,614,4
licenciatura,621,4
licenciatura,623,4
licenciatura,624,3
bacharelado,630,4
licenciatura,635,4
licenciatura,637,4
licenciatura,29672,4
licenciatura,31302,4
licenciatura,45111,4
licenciatura,81283,4
bacharelado,96401,4
licenciatura,96403,4
licenciatura,99189,4
bacharelado,112680,4
licenciatura,115070,4
licenciatura,115076,4
licenciatura,115078,4
licenciatura,115080,4
licenciatura,115086,4
licenciatura,115088,4
licenciatura,115092,4
licenciatura,115096,4
licenciatura,115098,4
licenciatura,115100,4
licenciatura,115558,4
bacharelado,300621,4
bacharelado,300625,4
bacharelado,300635,4
bacharelado,399189,4
bacharelado,1322704,4
licenciatura,684,4
licenciatura,687,5
licenciatura,694,4
licenciatura,696,4
licenciatura,697,4
licenciatura,700,4
bacharelado,703,5
licenciatura,32834,4
licenciatura,32836,4
licenciatura,39024,4
licenciatura,43869,4
bacharelado,117492,4
bacharelado,118336,3
licenciatura,122354,4
licenciatura,122356,4
licenciatura,122358,4
licenciatura,122360,5
bacharelado,300684,4
bacharelado,300687,4
bacharelado,300700,4
bacharelado,339024,4
bacharelado,343869,4
licenciatura,417492,4
licenciatura,1114569,4
bacharelado,1134829,4
bacharelado,1135277,4
bacharelado,1161839,4
licenciatura,1190583,4
licenciatura,754,4
licenciatura,768,4
bacharelado,769,5
licenciatura,770,3
licenciatura,771,4
licenciatura,772,4
licenciatura,774,4
licenciatura,775,4
bacharelado,778,4
licenciatura,779,4
licenciatura,780,5
licenciatura,42574,4
bacharelado,92117,4
bacharelado,92157,4
licenciatura,92260,4
licenciatura,103380,4
licenciatura,103393,4
bacharelado,300771,4
bacharelado,300772,4
bacharelado,300774,4
licenciatura,1146843,3
bacharelado,1033,4
licenciatura,1034,4
licenciatura,1035,4
licenciatura,1036,4
licenciatura,1044,4
licenciatura,1046,4
licenciatura,1052,3
licenciatura,18390,4
licenciatura,18889,5
licenciatura,20943,5
bacharelado,20944,3
bacharelado,74364,4
licenciatura,74366,4
licenciatura,99501,4
licenciatura,111450,4
bacharelado,116066,4
bacharelado,1103531,4
licenciatura,1428,4
licenciatura,1429,4
bacharelado,1430,4
licenciatura,1435,4
licenciatura,1438,4
licenciatura,1444,4
licenciatura,1445,4
bacharelado,1446,4
bacharelado,1452,4
licenciatura,1453,4
licenciatura,1454,4
licenciatura,18380,4
licenciatura,22947,4
licenciatura,32844,4
bacharelado,102935,4
licenciatura,102944,4
licenciatura,103018,4
licenciatura,103020,4
licenciatura,103022,3
licenciatura,103027,4
licenciatura,103029,3
licenciatura,111378,4
bacharelado,111386,4
bacharelado,115728,4
licenciatura,115872,4
licenciatura,120439,4
bacharelado,301438,4
bacharelado,301453,4
bacharelado,318380,3
bacharelado,403022,3
bacharelado,411354,4
bacharelado,420439,4
bacharelado,1137717,4
licenciatura,5000371,4
bacharelado,5000372,4
licenciatura,2108,3
licenciatura,2110,3
licenciatura,19043,4
licenciatura,19044,4
licenciatura,20234,4
licenciatura,20237,4
bacharelado,20239,4
licenciatura,41324,4
licenciatura,41490,4
bacharelado,45498,3
licenciatura,74215,4
bacharelado,150309,4
bacharelado,150310,3
licenciatura,150311,3
licenciatura,2194,3
licenciatura,2197,3
licenciatura,2199,4
licenciatura,2204,4
licenciatura,2205,3
licenciatura,2206,4
licenciatura,2208,4
bacharelado,2209,3
licenciatura,2211,3
licenciatura,2212,3
licenciatura,2213,4
licenciatura,2215,4
licenciatura,2216,4
licenciatura,2217,4
licenciatura,2221,3
licenciatura,19076,4
licenciatura,19077,3
licenciatura,19078,3
licenciatura,19081,3
licenciatura,22597,4
licenciatura,27512,3
licenciatura,34669,4
licenciatura,38102,4
licenciatura,50143,4
licenciatura,54044,3
licenciatura,58518,3
licenciatura,58520,4
licenciatura,58522,3
licenciatura,58524,4
licenciatura,58526,3
licenciatura,58528,2
licenciatura,58588,4
licenciatura,58590,3
licenciatura,59268,3
licenciatura,66263,3
licenciatura,66274,2
licenciatura,66299,3
licenciatura,66303,4
licenciatura,66305,3
licenciatura,95767,3
licenciatura,113824,4
licenciatura,114180,3
licenciatura,114182,3
licenciatura,121954,4
licenciatura,121962,4
bacharelado,302197,3
bacharelado,302217,3
bacharelado,338102,3
licenciatura,1378875,4
tecnologico,115664,3
tecnologico,121131,3
tecnologico,1159447,3
tecnologico,5000884,3
tecnologico,2388,3
bacharelado,2450,4
bacharelado,18671,3
licenciatura,82689,4
licenciatura,82795,3
licenciatura,82810,3
licenciatura,82894,3
licenciatura,83005,3
licenciatura,83034,4
licenciatura,83039,3
licenciatura,83052,3
licenciatura,83132,3
licenciatura,83137,3
licenciatura,83152,3
licenciatura,83155,3
licenciatura,83156,3
licenciatura,83199,3
licenciatura,83210,3
licenciatura,83226,3
licenciatura,83231,4
licenciatura,83280,3
licenciatura,83289,3
licenciatura,83296,3
licenciatura,83302,3
licenciatura,83312,3
licenciatura,83316,4
licenciatura,83318,3
licenciatura,83328,4
licenciatura,83330,3
licenciatura,83332,3
licenciatura,83344,4
licenciatura,83353,3
licenciatura,83356,3
licenciatura,83358,3
licenciatura,83392,4
licenciatura,83394,3
licenciatura,83402,4
licenciatura,83404,3
licenciatura,83411,3
licenciatura,83415,3
licenciatura,83960,4
licenciatura,83962,3
licenciatura,83964,3
licenciatura,83966,4
licenciatura,83968,3
licenciatura,83970,3
licenciatura,83972,3
licenciatura,83974,4
licenciatura,84856,4
licenciatura,91497,3
licenciatura,91545,4
licenciatura,91649,4
licenciatura,91671,4
licenciatura,91797,4
licenciatura,91805,4
licenciatura,92385,3
licenciatura,92391,4
licenciatura,92400,2
licenciatura,92444,3
bacharelado,103062,3
licenciatura,113172,5
bacharelado,1166897,3
licenciatura,1166899,3
licenciatura,1268525,3
licenciatura,1268556,4
licenciatura,1271848,4
licenciatura,1343136,3
licenciatura,2529,3
licenciatura,2540,4
licenciatura,2541,4
licenciatura,2545,3
bacharelado,54520,3
tecnologico,62742,3
licenciatura,92200,4
bacharelado,113293,3
licenciatura,113295,4
licenciatura,117352,3
licenciatura,123124,4
bacharelado,123128,4
bacharelado,302540,4
bacharelado,302541,4
licenciatura,1147485,4
bacharelado,1357571,3
bacharelado,1363761,4
licenciatura,2622,3
licenciatura,2623,4
licenciatura,2626,4
licenciatura,21781,3
licenciatura,21784,4
licenciatura,21785,4
licenciatura,21788,3
licenciatura,21789,3
licenciatura,21794,2
licenciatura,21795,3
licenciatura,21796,3
licenciatura,21797,3
licenciatura,21798,3
licenciatura,21799,3
licenciatura,21801,3
licenciatura,21805,3
licenciatura,21806,4
licenciatura,21807,4
licenciatura,21808,5
licenciatura,21811,4
licenciatura,21812,3
licenciatura,21814,3
licenciatura,21815,3
licenciatura,21819,3
licenciatura,21820,3
licenciatura,21822,3
licenciatura,21824,3
licenciatura,21869,4
licenciatura,21873,2
licenciatura,21874,3
licenciatura,21875,3
licenciatura,21876,3
licenciatura,21879,2
licenciatura,21880,3
licenciatura,21884,2
licenciatura,21885,3
licenciatura,21890,3
licenciatura,21892,2
licenciatura,21895,4
licenciatura,21897,3
licenciatura,21899,3
licenciatura,22418,3
licenciatura,23051,3
licenciatura,25791,4
licenciatura,25792,4
licenciatura,29278,3
licenciatura,31234,3
licenciatura,32987,3
licenciatura,33054,3
licenciatura,34592,3
licenciatura,35095,4
licenciatura,39238,2
licenciatura,39244,4
licenciatura,39269,3
licenciatura,39300,2
licenciatura,39393,3
licenciatura,44052,2
licenciatura,45102,2
licenciatura,47331,3
licenciatura,47333,3
licenciatura,47335,3
licenciatura,60420,2
bacharelado,60428,2
bacharelado,60430,3
bacharelado,60462,2
bacharelado,60464,3
licenciatura,60520,3
licenciatura,64274,3
bacharelado,64276,3
bacharelado,64288,2
licenciatura,64302,2
licenciatura,99588,3
tecnologico,99631,2
licenciatura,99684,3
tecnologico,99765,3
tecnologico,99894,2
licenciatura,99906,3
licenciatura,100148,3
bacharelado,110926,3
licenciatura,120725,3
licenciatura,1149137,2
licenciatura,1349165,2
tecnologico,1430245,3
licenciatura,1430478,3
licenciatura,1430649,3
licenciatura,1431238,3
licenciatura,1431245,3
bacharelado,1457140,3
bacharelado,1457164,2
bacharelado,1458091,3
bacharelado,1458102,3
licenciatura,2700,4
licenciatura,2711,4
licenciatura,2716,3
bacharelado,2717,4
licenciatura,2722,4
licenciatura,2724,4
licenciatura,18399,5
bacharelado,26129,5
bacharelado,36013,4
bacharelado,41057,4
tecnologico,41278,4
licenciatura,41766,5
licenciatura,41848,4
bacharelado,41849,4
licenciatura,41857,5
bacharelado,41858,4
licenciatura,42148,5
licenciatura,47338,4
licenciatura,47339,4
bacharelado,47340,4
licenciatura,47345,3
licenciatura,47358,5
licenciatura,47364,3
bacharelado,47369,3
licenciatura,47370,3
licenciatura,47454,5
licenciatura,47461,4
bacharelado,91897,5
bacharelado,91899,4
licenciatura,91972,4
licenciatura,92175,4
bacharelado,122951,4
bacharelado,123065,4
licenciatura,123067,4
bacharelado,1214936,4
licenciatura,3130,3
licenciatura,3131,4
licenciatura,3132,4
licenciatura,3135,4
licenciatura,3144,4
licenciatura,3145,4
licenciatura,3146,4
licenciatura,3149,4
bacharelado,3150,4
licenciatura,3154,4
licenciatura,3162,4
licenciatura,3163,4
licenciatura,3166,4
licenciatura,3167,3
licenciatura,3168,3
licenciatura,3171,2
licenciatura,3172,4
licenciatura,3179,4
bacharelado,3190,4
bacharelado,3193,4
bacharelado,3197,4
licenciatura,3201,4
licenciatura,3207,4
licenciatura,3209,4
bacharelado,3211,4
licenciatura,3212,3
licenciatura,3214,4
licenciatura,3217,4
licenciatura,3218,4
licenciatura,3219,4
licenciatura,3222,3
licenciatura,22173,4
licenciatura,22178,5
licenciatura,22678,4
licenciatura,28989,4
bacharelado,52048,4
licenciatura,52056,4
licenciatura,52256,4
licenciatura,60255,5
licenciatura,60258,4
licenciatura,60290,4
licenciatura,60384,4
licenciatura,60604,4
licenciatura,61074,4
bacharelado,66981,4
licenciatura,66993,4
bacharelado,67143,4
licenciatura,71419,4
licenciatura,73449,5
licenciatura,82077,4
licenciatura,94725,4
licenciatura,94758,4
licenciatura,120416,4
bacharelado,303130,4
bacharelado,303135,4
bacharelado,303142,4
bacharelado,303144,3
bacharelado,303149,4
bacharelado,303154,4
bacharelado,303162,4
bacharelado,303167,4
bacharelado,303168,5
bacharelado,303222,4
bacharelado,352256,4
bacharelado,382077,4
bacharelado,420416,4
licenciatura,1146513,4
licenciatura,1150789,4
bacharelado,1212121,4
bacharelado,1212124,4
licenciatura,1212262,4
licenciatura,1212263,4
licenciatura,1212284,4
bacharelado,1257438,4
licenciatura,1300116,4
bacharelado,1300317,4
licenciatura,3397,4
licenciatura,3399,4
licenciatura,3400,4
licenciatura,3405,3
bacharelado,3406,4
licenciatura,3407,4
licenciatura,3408,4
licenciatura,3410,4
licenciatura,3416,4
bacharelado,3419,4
licenciatura,21624,4
licenciatura,21625,4
licenciatura,22658,4
licenciatura,34677,4
licenciatura,99368,4
licenciatura,99370,3
licenciatura,99397,4
licenciatura,108090,3
bacharelado,303400,4
bacharelado,303408,5
bacharelado,303410,4
bacharelado,321624,5
licenciatura,5000539,3
licenciatura,5000544,3
licenciatura,5000546,4
licenciatura,5000547,2
bacharelado,3531,2
licenciatura,3561,4
licenciatura,3563,3
licenciatura,3567,4
licenciatura,3568,4
licenciatura,3569,3
licenciatura,3571,3
licenciatura,3572,3
licenciatura,3573,4
licenciatura,3574,4
licenciatura,18405,3
licenciatura,18410,3
licenciatura,18414,4
licenciatura,18417,4
bacharelado,20933,4
licenciatura,25205,3
licenciatura,30580,3
licenciatura,31505,3
licenciatura,31506,3
licenciatura,32162,3
licenciatura,34009,3
licenciatura,49756,3
bacharelado,57606,3
licenciatura,64518,3
licenciatura,72419,3
licenciatura,72594,3
licenciatura,72598,4
licenciatura,100373,3
bacharelado,303567,3
bacharelado,303574,3
licenciatura,1208951,3
bacharelado,1215159,4
licenciatura,1313979,3
licenciatura,3601,2
licenciatura,3603,2
licenciatura,85760,2
licenciatura,85762,2
licenciatura,1178271,2
licenciatura,3611,2
licenciatura,3612,2
licenciatura,3613,2
licenciatura,3614,1
licenciatura,3615,2
licenciatura,1160932,3
licenciatura,3622,2
licenciatura,18088,2
licenciatura,3662,4
licenciatura,3664,5
licenciatura,3670,4
licenciatura,3671,5
licenciatura,3673,5
licenciatura,3674,3
bacharelado,3676,4
licenciatura,34683,3
bacharelado,54172,4
bacharelado,64650,3
bacharelado,303662,4
bacharelado,303673,4
bacharelado,303674,4
licenciatura,1178043,4
licenciatura,1212035,3
licenciatura,4088,3
licenciatura,4090,3
licenciatura,4092,4
bacharelado,18584,3
licenciatura,19491,4
licenciatura,19492,3
licenciatura,19493,4
licenciatura,20530,3
licenciatura,29140,3
licenciatura,32877,3
licenciatura,87561,3
bacharelado,87582,3
licenciatura,87583,3
bacharelado,319491,3
bacharelado,320530,3
bacharelado,1146686,3
licenciatura,1179877,3
bacharelado,1179878,4
bacharelado,1323576,3
licenciatura,4194,4
licenciatura,4195,4
licenciatura,4196,4
licenciatura,48944,4
licenciatura,48946,4
licenciatura,48948,4
licenciatura,66727,4
licenciatura,66729,5
licenciatura,71816,4
licenciatura,96675,4
bacharelado,122298,3
licenciatura,122316,4
bacharelado,122330,4
bacharelado,304194,4
bacharelado,348944,4
bacharelado,348948,4
bacharelado,1174278,4
bacharelado,1421316,4
licenciatura,1421414,5
licenciatura,7828,3
licenciatura,7829,3
licenciatura,7830,3
bacharelado,7839,4
licenciatura,7845,3
licenciatura,18892,4
licenciatura,18894,4
licenciatura,64600,4
licenciatura,64604,3
bacharelado,69445,3
licenciatura,69626,2
licenciatura,69628,3
licenciatura,69634,3
licenciatura,69638,3
licenciatura,86244,3
licenciatura,86388,3
licenciatura,92591,3
licenciatura,92592,3
licenciatura,92595,3
licenciatura,92597,2
bacharelado,92601,3
licenciatura,92602,3
licenciatura,110846,4
licenciatura,110854,3
licenciatura,110860,3
licenciatura,110870,3
licenciatura,110876,3
licenciatura,110882,3
licenciatura,110888,3
licenciatura,110900,3
licenciatura,110996,2
bacharelado,307827,3
licenciatura,1300165,2
licenciatura,8417,4
licenciatura,8418,3
licenciatura,8422,4
licenciatura,8423,4
licenciatura,8424,4
licenciatura,8425,4
licenciatura,8426,4
licenciatura,8428,4
licenciatura,8429,3
licenciatura,8430,4
licenciatura,8439,3
bacharelado,45384,4
licenciatura,59272,3
licenciatura,59412,3
licenciatura,59426,3
licenciatura,59994,4
licenciatura,59996,4
licenciatura,59998,3
bacharelado,87396,4
bacharelado,95631,4
licenciatura,103494,4
licenciatura,121564,3
licenciatura,1257430,3
licenciatura,1321965,3
licenciatura,1342673,3
licenciatura,1342674,3
licenciatura,87481,2
licenciatura,87483,3
licenciatura,87487,2
licenciatura,112262,3
bacharelado,150186,3
licenciatura,94595,2
licenciatura,11300,4
licenciatura,11301,4
licenciatura,11302,4
licenciatura,11303,4
licenciatura,11305,3
licenciatura,11308,4
licenciatura,11310,4
licenciatura,11314,4
licenciatura,11321,4
licenciatura,11322,4
licenciatura,11324,4
licenciatura,11325,4
licenciatura,11326,4
licenciatura,11327,3
licenciatura,11328,4
licenciatura,11329,4
licenciatura,19565,4
licenciatura,22400,4
licenciatura,25785,4
licenciatura,28323,4
licenciatura,70522,3
licenciatura,83158,3
licenciatura,83160,4
licenciatura,111889,4
bacharelado,311300,4
bacharelado,311301,3
bacharelado,311303,3
bacharelado,311310,4
bacharelado,311321,3
bacharelado,311322,4
bacharelado,1438181,4
bacharelado,5000356,4
licenciatura,11426,4
licenciatura,11429,4
bacharelado,11430,5
licenciatura,11431,4
licenciatura,11432,4
licenciatura,11433,3
licenciatura,11435,4
licenciatura,11439,3
licenciatura,11443,3
bacharelado,11447,4
licenciatura,11449,4
licenciatura,11450,4
bacharelado,11452,4
licenciatura,11456,3
licenciatura,11462,3
licenciatura,94283,4
licenciatura,94286,4
licenciatura,103303,4
licenciatura,105438,3
bacharelado,311426,4
bacharelado,311429,3
licenciatura,311430,4
bacharelado,311443,3
bacharelado,311450,3
bacharelado,1268388,4
licenciatura,1313223,4
licenciatura,1313224,4
licenciatura,11529,3
licenciatura,11535,4
licenciatura,11539,4
licenciatura,11540,4
bacharelado,11542,3
licenciatura,11543,4
bacharelado,11544,3
licenciatura,11548,3
bacharelado,11554,4
licenciatura,81516,3
licenciatura,81520,3
bacharelado,99841,3
licenciatura,100024,2
bacharelado,100026,2
licenciatura,113703,3
licenciatura,115686,3
licenciatura,116196,3
bacharelado,116204,3
licenciatura,119046,4
licenciatura,119048,3
licenciatura,119072,3
licenciatura,119074,3
licenciatura,11590,3
licenciatura,11591,3
licenciatura,11592,3
licenciatura,11593,3
licenciatura,11594,3
licenciatura,11598,3
licenciatura,11603,3
licenciatura,11605,3
licenciatura,11613,4
licenciatura,11614,3
licenciatura,25789,3
licenciatura,30397,3
licenciatura,32097,3
licenciatura,82605,3
licenciatura,82619,3
licenciatura,113953,3
licenciatura,113958,3
licenciatura,113974,3
bacharelado,114055,4
licenciatura,114099,3
bacharelado,311593,4
licenciatura,1182640,3
licenciatura,1182641,3
bacharelado,1190071,3
bacharelado,1265453,3
licenciatura,1314244,3
licenciatura,1343342,3
bacharelado,1376137,3
licenciatura,11885,3
licenciatura,11888,3
licenciatura,11889,3
licenciatura,11893,3
licenciatura,11897,4
licenciatura,11912,4
licenciatura,19733,3
licenciatura,21611,2
licenciatura,25793,3
licenciatura,32990,3
licenciatura,81294,3
licenciatura,81296,4
licenciatura,81358,3
licenciatura,81423,3
licenciatura,81640,4
licenciatura,81812,3
licenciatura,81817,3
licenciatura,81821,4
licenciatura,86360,2
licenciatura,86364,3
licenciatura,90697,3
licenciatura,94520,2
licenciatura,94821,3
licenciatura,95462,2
licenciatura,103414,3
licenciatura,103477,3
licenciatura,105052,2
licenciatura,105191,2
bacharelado,105580,3
licenciatura,114002,3
licenciatura,120604,3
licenciatura,121411,2
licenciatura,121700,2
licenciatura,121745,3
licenciatura,121746,3
licenciatura,121748,3
licenciatura,121749,3
licenciatura,1153298,3
bacharelado,1299196,3
licenciatura,1350689,2
licenciatura,1350703,2
licenciatura,1352592,3
licenciatura,1354738,3
licenciatura,1404068,3
licenciatura,1404084,3
licenciatura,1404086,3
licenciatura,1404094,2
licenciatura,1427035,3
licenciatura,1427036,3
licenciatura,1427038,2
licenciatura,1427039,2
licenciatura,1442003,3
licenciatura,1442009,2
licenciatura,1442010,4
licenciatura,1442014,3
licenciatura,1442016,3
licenciatura,1442020,3
licenciatura,1442024,3
licenciatura,1442025,3
licenciatura,1442027,3
licenciatura,1442028,3
licenciatura,1442030,3
licenciatura,1457112,3
licenciatura,1457113,3
licenciatura,1457192,3
licenciatura,1457193,3
licenciatura,1518696,3
licenciatura,1518703,3
licenciatura,1518705,4
licenciatura,12044,3
licenciatura,12048,3
licenciatura,12052,3
licenciatura,12111,4
licenciatura,18491,4
licenciatura,95652,3
licenciatura,104640,3
licenciatura,114876,3
licenciatura,114877,3
licenciatura,115013,3
licenciatura,1330343,2
bacharelado,12313,5
licenciatura,12315,4
bacharelado,12321,4
bacharelado,12323,4
licenciatura,12324,4
bacharelado,12327,4
bacharelado,12332,4
bacharelado,12335,4
licenciatura,12350,4
licenciatura,12351,4
licenciatura,12353,4
licenciatura,12354,4
licenciatura,18395,3
licenciatura,20938,4
licenciatura,31160,4
licenciatura,34277,4
licenciatura,95667,4
licenciatura,110830,4
bacharelado,116758,4
bacharelado,116770,3
licenciatura,312321,3
licenciatura,312323,4
licenciatura,312327,4
licenciatura,312332,4
licenciatura,312333,4
licenciatura,312334,4
licenciatura,312335,4
bacharelado,1083431,4
bacharelado,1083438,3
bacharelado,1113220,3
bacharelado,1113228,3
tecnologico,1188193,4
licenciatura,12553,4
licenciatura,12555,4
licenciatura,12557,4
licenciatura,12558,4
licenciatura,12560,4
licenciatura,12562,4
licenciatura,12577,5
bacharelado,12581,4
licenciatura,12588,4
licenciatura,41135,3
tecnologico,42461,4
licenciatura,49472,4
licenciatura,49474,4
licenciatura,49848,5
licenciatura,92255,4
licenciatura,111326,4
licenciatura,116522,4
licenciatura,123220,4
bacharelado,123332,4
bacharelado,312555,4
bacharelado,312558,4
bacharelado,312562,4
bacharelado,312577,5
bacharelado,312578,4
bacharelado,312588,4
bacharelado,349476,4
bacharelado,1113241,4
licenciatura,1270221,4
licenciatura,1270226,4
licenciatura,1270232,4
licenciatura,1321684,4
licenciatura,1330365,4
licenciatura,1330366,4
licenciatura,1330368,4
licenciatura,1330369,4
licenciatura,1330370,3
licenciatura,1330371,3
licenciatura,1330372,4
licenciatura,1330373,4
licenciatura,1364271,4
licenciatura,12686,4
licenciatura,12688,4
licenciatura,12689,4
licenciatura,12690,4
licenciatura,12700,4
licenciatura,12702,4
licenciatura,12705,4
bacharelado,12710,4
licenciatura,12713,3
licenciatura,12717,4
licenciatura,25926,4
licenciatura,29470,4
licenciatura,44367,4
bacharelado,82799,4
licenciatura,100406,4
licenciatura,108644,4
licenciatura,123704,4
licenciatura,123729,4
bacharelado,312686,4
bacharelado,312689,4
bacharelado,312700,5
bacharelado,312705,4
bacharelado,344367,4
bacharelado,408644,4
bacharelado,423708,4
licenciatura,1077817,4
bacharelado,1079286,3
bacharelado,1100002,4
licenciatura,1100003,4
licenciatura,1122208,4
bacharelado,1122221,4
licenciatura,1123027,4
bacharelado,1123212,3
licenciatura,1145037,4
licenciatura,1278713,4
licenciatura,12806,4
licenciatura,12812,4
licenciatura,12817,4
licenciatura,12818,4
licenciatura,12819,4
licenciatura,12826,4
bacharelado,12834,4
bacharelado,12835,4
bacharelado,12837,4
licenciatura,12838,4
bacharelado,20037,4
licenciatura,21604,3
licenciatura,52472,4
bacharelado,99086,4
bacharelado,99278,4
licenciatura,116574,3
licenciatura,116576,4
licenciatura,116578,4
licenciatura,116852,4
licenciatura,116854,4
licenciatura,116856,4
licenciatura,116862,4
bacharelado,116868,4
bacharelado,116870,4
licenciatura,116874,4
licenciatura,116878,4
licenciatura,116882,4
licenciatura,116884,4
bacharelado,312812,4
bacharelado,312817,4
bacharelado,312818,3
licenciatura,312834,4
bacharelado,312838,4
bacharelado,1112869,4
licenciatura,1112889,3
licenciatura,1112909,4
licenciatura,1112914,3
bacharelado,1112946,3
bacharelado,1159854,4
licenciatura,1278626,4
licenciatura,12915,4
licenciatura,12916,4
licenciatura,12917,4
licenciatura,12918,4
licenciatura,43967,4
licenciatura,96152,4
licenciatura,96158,4
licenciatura,96483,4
licenciatura,97018,4
licenciatura,117114,3
licenciatura,117128,4
licenciatura,117130,4
licenciatura,117132,4
licenciatura,118120,3
licenciatura,118124,4
bacharelado,312916,4
bacharelado,343967,4
bacharelado,417114,3
bacharelado,417132,4
bacharelado,1102636,4
bacharelado,1102674,4
licenciatura,1107032,4
licenciatura,12943,4
licenciatura,12945,4
bacharelado,12946,5
licenciatura,12949,4
licenciatura,12952,4
licenciatura,12962,4
licenciatura,12963,4
licenciatura,12965,4
licenciatura,12967,4
licenciatura,12968,4
licenciatura,12969,4
licenciatura,12973,4
licenciatura,12975,5
licenciatura,12977,4
bacharelado,87195,4
bacharelado,121496,4
bacharelado,312945,4
bacharelado,312949,4
bacharelado,312952,4
bacharelado,312962,4
bacharelado,312965,4
bacharelado,312967,4
bacharelado,312975,5
licenciatura,13086,4
licenciatura,13087,5
licenciatura,13092,4
licenciatura,13097,3
licenciatura,13098,4
licenciatura,13099,4
licenciatura,13100,4
licenciatura,13102,5
licenciatura,13105,4
licenciatura,13106,4
bacharelado,18518,4
bacharelado,65361,5
bacharelado,313086,4
bacharelado,313087,4
bacharelado,313092,4
bacharelado,313097,4
bacharelado,313099,4
bacharelado,313100,4
bacharelado,313106,4
bacharelado,1128364,4
bacharelado,1153949,4
licenciatura,1153951,4
licenciatura,1166037,4
licenciatura,1166038,4
licenciatura,1166039,4
bacharelado,1270439,4
licenciatura,1278855,4
licenciatura,13198,4
licenciatura,13209,3
bacharelado,13210,3
bacharelado,13211,3
licenciatura,13213,4
bacharelado,13216,4
bacharelado,13218,4
bacharelado,13223,4
bacharelado,13225,4
licenciatura,24864,3
licenciatura,29475,4
licenciatura,31171,4
licenciatura,101940,4
bacharelado,101942,4
licenciatura,102150,3
licenciatura,102152,3
licenciatura,102156,4
licenciatura,102166,4
bacharelado,104158,4
licenciatura,107436,4
licenciatura,107487,3
licenciatura,107508,3
licenciatura,107512,4
licenciatura,107516,3
licenciatura,107520,3
licenciatura,107522,3
bacharelado,1139972,3
licenciatura,1151147,3
licenciatura,1151148,3
licenciatura,1151166,3
licenciatura,1151167,3
licenciatura,1151779,4
licenciatura,1151780,3
licenciatura,1288838,4
bacharelado,1288839,3
licenciatura,13273,4
licenciatura,13274,4
licenciatura,13276,4
bacharelado,13277,4
licenciatura,13278,4
licenciatura,13283,4
licenciatura,13293,4
licenciatura,13297,4
licenciatura,13298,4
licenciatura,13300,4
licenciatura,13303,3
licenciatura,13304,3
licenciatura,13312,4
licenciatura,13318,4
bacharelado,13319,4
licenciatura,21080,4
bacharelado,24668,4
bacharelado,24868,4
bacharelado,26911,4
licenciatura,106064,4
licenciatura,117052,4
licenciatura,117058,4
licenciatura,117076,4
bacharelado,118024,4
bacharelado,313274,4
bacharelado,313278,4
bacharelado,313283,4
bacharelado,313300,2
bacharelado,313303,3
bacharelado,1132918,4
licenciatura,1142650,3
licenciatura,13399,4
licenciatura,13400,3
bacharelado,13401,4
licenciatura,13402,3
licenciatura,13404,4
licenciatura,13406,4
licenciatura,13409,3
licenciatura,13415,4
licenciatura,13418,4
licenciatura,13423,4
bacharelado,13459,4
licenciatura,97039,3
licenciatura,97767,4
licenciatura,98984,3
licenciatura,99045,3
bacharelado,107352,3
licenciatura,107356,4
bacharelado,107360,4
licenciatura,107438,4
licenciatura,107548,4
licenciatura,107549,4
licenciatura,109626,4
bacharelado,122288,4
licenciatura,122924,4
bacharelado,313399,4
bacharelado,313404,4
bacharelado,313406,4
bacharelado,313409,3
bacharelado,397767,3
licenciatura,1110230,3
licenciatura,1161324,3
bacharelado,5000897,3
licenciatura,5000898,4
bacharelado,13575,4
licenciatura,13577,3
licenciatura,13579,4
licenciatura,13580,4
bacharelado,13591,4
bacharelado,13595,4
licenciatura,13598,3
licenciatura,13604,3
licenciatura,13617,4
licenciatura,13618,4
licenciatura,13619,3
licenciatura,20889,4
licenciatura,21847,3
licenciatura,23910,3
licenciatura,44947,3
licenciatura,44977,4
bacharelado,44992,4
licenciatura,52231,3
bacharelado,52249,3
bacharelado,80088,4
licenciatura,101092,4
bacharelado,101127,3
licenciatura,101140,4
licenciatura,118096,3
licenciatura,118098,4
licenciatura,118100,4
bacharelado,313577,3
bacharelado,313579,4
bacharelado,1136142,4
licenciatura,1155122,4
bacharelado,1192307,4
bacharelado,5000731,4
bacharelado,13717,4
licenciatura,13721,4
licenciatura,13729,4
licenciatura,13741,4
licenciatura,13742,5
bacharelado,45003,4
licenciatura,45004,4
bacharelado,45008,4
licenciatura,45009,4
bacharelado,45024,4
licenciatura,45025,4
licenciatura,45027,4
bacharelado,45030,4
licenciatura,45031,4
bacharelado,45038,4
licenciatura,45039,4
licenciatura,45068,4
bacharelado,45080,4
bacharelado,88652,4
bacharelado,96429,4
bacharelado,100820,4
licenciatura,116768,4
licenciatura,1278881,5
licenciatura,13839,4
licenciatura,13840,5
licenciatura,13873,4
licenciatura,13874,5
licenciatura,13877,4
bacharelado,13881,4
bacharelado,18881,4
licenciatura,41065,3
licenciatura,41069,3
licenciatura,41072,4
licenciatura,45328,4
licenciatura,46588,4
licenciatura,84427,4
licenciatura,84840,4
licenciatura,84985,5
licenciatura,84992,5
bacharelado,103346,4
bacharelado,103349,5
licenciatura,112656,4
licenciatura,117717,4
licenciatura,121286,4
bacharelado,121602,4
tecnologico,121614,4
bacharelado,121636,4
licenciatura,1084792,4
bacharelado,1106427,3
bacharelado,1113713,4
bacharelado,1113727,5
bacharelado,1113732,4
licenciatura,13967,4
licenciatura,13974,4
licenciatura,13976,4
bacharelado,13980,4
licenciatura,13982,4
licenciatura,13984,4
licenciatura,14000,4
licenciatura,27263,4
licenciatura,29489,4
licenciatura,33013,4
licenciatura,37274,4
licenciatura,38217,4
licenciatura,38239,4
licenciatura,38246,3
licenciatura,38273,4
bacharelado,99567,4
licenciatura,100021,4
bacharelado,100256,4
bacharelado,106167,4
licenciatura,116834,3
licenciatura,150099,3
bacharelado,313974,3
bacharelado,313976,4
bacharelado,313982,3
bacharelado,337274,3
bacharelado,416834,3
tecnologico,1127191,4
licenciatura,1128911,4
bacharelado,1167971,4
licenciatura,1191427,4
bacharelado,1191555,4
bacharelado,1270596,4
bacharelado,1272079,4
bacharelado,1299927,4
bacharelado,1300429,4
licenciatura,14089,4
bacharelado,14098,4
licenciatura,14102,4
licenciatura,14110,4
bacharelado,14112,3
licenciatura,14123,4
licenciatura,21990,4
licenciatura,21992,4
licenciatura,44485,4
licenciatura,86446,4
licenciatura,121934,3
bacharelado,123429,4
bacharelado,314089,4
bacharelado,314102,3
bacharelado,314110,4
licenciatura,314112,4
bacharelado,314118,4
licenciatura,1110646,3
licenciatura,1111226,4
bacharelado,1113011,4
licenciatura,1113044,4
licenciatura,1113067,3
licenciatura,1113070,4
licenciatura,1131697,4
bacharelado,1295548,4
licenciatura,1304557,4
bacharelado,5001248,3
bacharelado,14217,4
licenciatura,14218,5
licenciatura,14221,4
licenciatura,14224,4
licenciatura,14228,4
licenciatura,14230,4
licenciatura,14231,4
licenciatura,14233,4
licenciatura,14237,3
bacharelado,21600,4
licenciatura,42696,4
licenciatura,51941,4
licenciatura,51945,4
bacharelado,97099,4
bacharelado,116526,4
licenciatura,116536,5
bacharelado,314218,4
bacharelado,314221,4
bacharelado,314228,4
bacharelado,314230,4
bacharelado,314231,2
bacharelado,314239,5
licenciatura,1116025,4
licenciatura,1270371,5
licenciatura,1270372,5
licenciatura,14326,4
licenciatura,14328,4
bacharelado,14332,4
licenciatura,14346,4
licenciatura,14348,4
licenciatura,14349,4
bacharelado,23976,4
bacharelado,29106,4
bacharelado,31957,4
bacharelado,31958,5
bacharelado,31959,4
licenciatura,44363,4
bacharelado,44892,4
licenciatura,44893,4
licenciatura,44900,4
licenciatura,45204,4
bacharelado,85783,4
licenciatura,85786,3
licenciatura,99287,4
bacharelado,107716,4
bacharelado,112584,3
bacharelado,112586,4
bacharelado,116842,4
licenciatura,120924,4
bacharelado,121706,3
bacharelado,314326,4
bacharelado,314346,4
bacharelado,314348,4
licenciatura,1114224,4
licenciatura,1114225,4
licenciatura,1114229,4
bacharelado,1114292,4
bacharelado,1125887,4
bacharelado,1125889,4
bacharelado,1180207,5
licenciatura,14505,4
bacharelado,14506,4
licenciatura,14510,4
licenciatura,14511,4
licenciatura,14512,4
bacharelado,14513,4
licenciatura,14514,4
licenciatura,43917,4
licenciatura,91975,4
licenciatura,101800,4
bacharelado,101830,3
bacharelado,101834,3
licenciatura,118382,3
bacharelado,118420,4
licenciatura,118478,4
licenciatura,1102627,4
bacharelado,1102628,4
licenciatura,14542,4
tecnologico,60006,4
tecnologico,85822,4
bacharelado,102665,4
bacharelado,102667,4
tecnologico,110144,4
licenciatura,112568,4
licenciatura,112572,4
bacharelado,115582,4
bacharelado,409604,3
licenciatura,1102413,4
bacharelado,1102800,4
licenciatura,1126431,4
licenciatura,1127676,4
licenciatura,1128054,4
licenciatura,1128169,4
licenciatura,1150932,3
licenciatura,1151549,4
licenciatura,1152564,4
bacharelado,1152636,4
licenciatura,1152637,4
licenciatura,1161562,4
licenciatura,1164183,4
bacharelado,1164656,4
licenciatura,1270469,4
bacharelado,1270472,4
licenciatura,1341351,4
licenciatura,1341352,4
licenciatura,1400718,4
bacharelado,91262,4
licenciatura,1117715,3
bacharelado,1117717,3
licenciatura,1270672,4
licenciatura,1383124,4
licenciatura,1383125,4
bacharelado,94115,4
bacharelado,101064,4
bacharelado,101219,4
licenciatura,101274,4
licenciatura,101278,4
licenciatura,101280,4
bacharelado,110528,5
bacharelado,401274,4
bacharelado,401276,4
bacharelado,401278,4
licenciatura,1103082,4
licenciatura,1103085,4
licenciatura,1103087,4
licenciatura,1105404,4
bacharelado,18335,4
bacharelado,63838,4
licenciatura,63840,4
licenciatura,101554,4
licenciatura,101556,4
bacharelado,101558,4
bacharelado,114417,4
licenciatura,114419,4
licenciatura,122662,4
licenciatura,150125,4
bacharelado,1102560,4
licenciatura,1120591,4
licenciatura,1314420,4
licenciatura,119126,4
licenciatura,119138,3
bacharelado,1178662,4
bacharelado,1272012,4
licenciatura,20122,4
bacharelado,64794,4
licenciatura,96949,4
bacharelado,96951,4
licenciatura,96953,4
licenciatura,96955,4
licenciatura,105674,4
licenciatura,119914,4
bacharelado,1108032,4
bacharelado,1108033,4
licenciatura,1108035,4
licenciatura,1108041,3
bacharelado,1112281,4
licenciatura,1168401,4
bacharelado,100816,4
licenciatura,100900,4
licenciatura,100902,4
licenciatura,100906,3
licenciatura,100916,4
licenciatura,1178742,4
licenciatura,1178743,4
licenciatura,1178745,3
licenciatura,1178746,3
licenciatura,1178747,3
bacharelado,1292614,4
licenciatura,96759,4
licenciatura,96761,4
bacharelado,114444,4
licenciatura,114552,4
licenciatura,114554,4
licenciatura,114556,4
licenciatura,114558,4
licenciatura,114560,4
licenciatura,114562,4
licenciatura,1285018,4
licenciatura,1285020,4
bacharelado,18251,4
licenciatura,62841,4
bacharelado,120385,4
licenciatura,120389,4
bacharelado,1165075,3
licenciatura,1165078,4
licenciatura,1165090,4
licenciatura,100808,4
tecnologico,116590,4
licenciatura,123502,2
licenciatura,123519,3
bacharelado,1118057,3
licenciatura,1122742,3
licenciatura,1122743,4
licenciatura,1122746,4
tecnologico,1122749,4
licenciatura,1123044,3
licenciatura,1125808,3
licenciatura,1158358,3
licenciatura,1161404,3
licenciatura,1313285,3
tecnologico,1315430,3
bacharelado,1379275,4
licenciatura,21443,4
licenciatura,62674,4
licenciatura,62676,4
licenciatura,62682,3
bacharelado,113813,3
licenciatura,121781,4
licenciatura,1103310,3
licenciatura,1103313,3
licenciatura,1103315,3
licenciatura,1103317,3
licenciatura,1103319,3
licenciatura,1103914,3
licenciatura,1103919,3
licenciatura,1166780,3
bacharelado,1166783,3
licenciatura,1168361,3
licenciatura,1168581,3
licenciatura,1168583,3
licenciatura,1168588,3
licenciatura,1188418,3
licenciatura,1188419,3
licenciatura,1189820,3
bacharelado,1269545,3
licenciatura,1304669,3
licenciatura,1327336,3
tecnologico,112630,4
licenciatura,116144,4
licenciatura,121478,4
tecnologico,1106554,3
licenciatura,1118531,3
licenciatura,1126144,4
licenciatura,1156565,4
tecnologico,1166498,4
tecnologico,1180600,4
tecnologico,1258759,3
licenciatura,1264321,5
tecnologico,1270730,4
tecnologico,1285254,5
licenciatura,1304097,4
licenciatura,1304099,4
tecnologico,1304108,4
bacharelado,1327439,3
licenciatura,1338870,4
licenciatura,1370467,4
licenciatura,1376050,4
tecnologico,1427491,4
bacharelado,14681,2
bacharelado,62970,3
licenciatura,103569,3
licenciatura,109890,4
bacharelado,64898,3
licenciatura,64900,2
licenciatura,14985,3
licenciatura,14987,3
licenciatura,14992,3
licenciatura,14993,3
licenciatura,14997,3
licenciatura,15000,3
bacharelado,15002,3
licenciatura,31978,3
licenciatura,31979,3
bacharelado,101535,3
licenciatura,101892,3
bacharelado,102304,3
licenciatura,102306,3
bacharelado,102308,3
bacharelado,113606,3
bacharelado,113619,2
licenciatura,113735,4
bacharelado,113737,3
bacharelado,113739,3
licenciatura,113743,3
licenciatura,113783,3
licenciatura,122746,3
licenciatura,1102186,3
licenciatura,1102188,3
licenciatura,1102208,3
bacharelado,65614,4
bacharelado,15333,4
licenciatura,15334,3
licenciatura,15349,3
licenciatura,21450,4
licenciatura,31198,4
licenciatura,64854,4
bacharelado,113937,3
bacharelado,1120717,3
tecnologico,1142424,4
licenciatura,15402,3
licenciatura,15409,4
licenciatura,15410,4
licenciatura,15411,3
licenciatura,15412,4
licenciatura,15413,3
licenciatura,15415,3
licenciatura,18312,4
bacharelado,21114,3
licenciatura,1157240,3
bacharelado,1158382,3
licenciatura,1158384,3
bacharelado,1454616,3
licenciatura,1454631,3
licenciatura,1576625,3
licenciatura,1258814,2
licenciatura,15737,4
licenciatura,15738,4
licenciatura,15740,3
licenciatura,18506,3
licenciatura,19039,4
licenciatura,19040,4
licenciatura,19041,3
bacharelado,19042,3
licenciatura,20262,4
licenciatura,20270,4
licenciatura,20577,3
licenciatura,20578,4
licenciatura,29510,3
licenciatura,31206,4
licenciatura,38678,3
bacharelado,38881,4
licenciatura,49517,3
licenciatura,83323,4
bacharelado,91749,4
licenciatura,94641,3
bacharelado,97778,3
bacharelado,150052,4
bacharelado,150053,4
licenciatura,1146611,4
licenciatura,1168149,4
licenciatura,1214163,3
bacharelado,37862,2
tecnologico,1286381,3
licenciatura,15785,4
bacharelado,15786,4
licenciatura,15790,4
bacharelado,20064,4
bacharelado,20065,4
licenciatura,100207,4
licenciatura,320064,4
licenciatura,1101760,4
bacharelado,1101762,4
licenciatura,1101763,4
licenciatura,1101770,4
licenciatura,1128934,4
licenciatura,1163653,4
licenciatura,1278733,4
licenciatura,15831,3
licenciatura,15832,4
licenciatura,15833,4
licenciatura,15834,4
licenciatura,15836,4
licenciatura,15842,4
licenciatura,15844,3
licenciatura,15845,3
licenciatura,15849,4
licenciatura,15851,4
licenciatura,15858,4
licenciatura,15859,4
licenciatura,15861,4
licenciatura,15862,3
licenciatura,15863,4
licenciatura,15864,3
licenciatura,15865,4
licenciatura,15866,4
bacharelado,15869,4
licenciatura,18381,3
licenciatura,18382,3
licenciatura,18383,3
bacharelado,18387,4
bacharelado,21544,4
licenciatura,22508,4
licenciatura,26668,4
licenciatura,27696,3
licenciatura,28743,3
licenciatura,29511,3
licenciatura,29512,4
licenciatura,36348,4
licenciatura,52070,3
licenciatura,52121,4
licenciatura,52139,3
licenciatura,52142,4
licenciatura,59103,4
bacharelado,59109,4
licenciatura,101300,4
licenciatura,101309,3
licenciatura,110748,3
licenciatura,121792,4
bacharelado,121794,3
licenciatura,121796,3
licenciatura,121798,4
licenciatura,122174,3
licenciatura,122906,3
bacharelado,315831,4
bacharelado,315844,3
licenciatura,1111969,4
tecnologico,1111971,4
bacharelado,1113852,3
bacharelado,1113854,4
bacharelado,1113886,5
bacharelado,1128362,4
licenciatura,1270651,4
licenciatura,1292684,4
bacharelado,1419907,4
licenciatura,15990,3
licenciatura,15992,4
licenciatura,15994,3
licenciatura,16002,3
licenciatura,16003,2
licenciatura,16004,4
licenciatura,16007,3
licenciatura,16009,3
licenciatura,16010,4
licenciatura,16011,3
licenciatura,18363,4
licenciatura,20941,4
licenciatura,28509,4
licenciatura,43743,3
licenciatura,44076,4
licenciatura,58082,3
licenciatura,62083,4
licenciatura,100289,4
licenciatura,116732,4
licenciatura,116782,3
licenciatura,122758,3
licenciatura,123553,2
licenciatura,123567,3
bacharelado,315994,3
bacharelado,318363,4
bacharelado,318882,3
bacharelado,385458,3
licenciatura,16092,3
licenciatura,104398,3
licenciatura,104400,3
licenciatura,114157,3
licenciatura,150259,3
licenciatura,1327340,3
bacharelado,1376259,3
bacharelado,1321484,4
licenciatura,16264,3
licenciatura,16265,3
licenciatura,16266,3
licenciatura,16267,3
licenciatura,16268,3
licenciatura,16269,3
licenciatura,16270,3
licenciatura,16271,3
licenciatura,16272,3
licenciatura,16273,3
licenciatura,16274,3
licenciatura,16275,3
licenciatura,16276,3
licenciatura,17056,3
licenciatura,43037,3
bacharelado,43044,3
licenciatura,58506,4
licenciatura,59659,4
licenciatura,68065,2
licenciatura,71115,3
licenciatura,80922,2
licenciatura,96415,3
licenciatura,1185732,3
bacharelado,1269969,3
bacharelado,1269970,3
bacharelado,1310955,3
licenciatura,1404408,3
licenciatura,1404585,2
bacharelado,1405629,3
licenciatura,1425301,3
licenciatura,1436021,4
bacharelado,1473094,3
licenciatura,1481722,3
licenciatura,16389,4
licenciatura,16392,4
licenciatura,16394,4
licenciatura,16396,4
licenciatura,16403,4
bacharelado,16413,4
licenciatura,16414,3
licenciatura,46710,4
bacharelado,60448,4
bacharelado,60540,3
licenciatura,63886,4
licenciatura,63890,3
bacharelado,63894,4
licenciatura,85536,4
licenciatura,85542,4
bacharelado,102820,4
licenciatura,16581,3
licenciatura,16590,3
bacharelado,16591,3
licenciatura,16592,3
licenciatura,16593,3
licenciatura,16594,3
licenciatura,30401,3
licenciatura,70624,3
licenciatura,101241,3
licenciatura,112136,3
bacharelado,401241,3
licenciatura,1154848,3
licenciatura,1155366,3
licenciatura,1159666,3
licenciatura,1327517,2
licenciatura,1327518,2
licenciatura,1327519,3
licenciatura,1327522,3
licenciatura,1327523,2
licenciatura,1327524,2
licenciatura,1430231,3
licenciatura,38283,2
licenciatura,42068,2
licenciatura,50891,2
bacharelado,1118130,2
licenciatura,16655,2
licenciatura,25864,2
licenciatura,111982,2
licenciatura,111986,2
licenciatura,1149624,2
licenciatura,16676,3
licenciatura,16678,3
licenciatura,16680,3
licenciatura,16682,3
licenciatura,16683,4
licenciatura,16684,3
licenciatura,16689,2
bacharelado,18558,3
bacharelado,18559,3
licenciatura,18561,4
licenciatura,18562,3
licenciatura,18563,4
licenciatura,18565,3
licenciatura,19016,4
licenciatura,19083,3
licenciatura,19084,3
licenciatura,19091,3
licenciatura,19142,3
licenciatura,19146,2
licenciatura,19152,4
licenciatura,19195,3
licenciatura,20387,3
licenciatura,20392,3
licenciatura,43020,3
licenciatura,43229,3
licenciatura,43242,3
licenciatura,43463,3
licenciatura,43471,3
licenciatura,45304,3
licenciatura,63455,3
licenciatura,63459,3
licenciatura,71037,2
licenciatura,71041,3
licenciatura,71105,2
licenciatura,84880,3
licenciatura,85226,3
licenciatura,85260,4
licenciatura,85276,3
licenciatura,85380,3
licenciatura,85444,3
licenciatura,1151320,2
licenciatura,1151425,3
licenciatura,1151468,4
licenciatura,1151594,3
licenciatura,1151599,2
licenciatura,1189699,3
licenciatura,1189708,3
licenciatura,1189709,3
licenciatura,1189711,3
bacharelado,1190145,3
licenciatura,1214129,3
bacharelado,1263648,3
licenciatura,1268558,3
licenciatura,1268562,2
licenciatura,16895,4
licenciatura,16896,3
bacharelado,16897,4
licenciatura,16898,3
licenciatura,16902,4
licenciatura,22532,3
licenciatura,31230,4
bacharelado,69747,3
bacharelado,98305,4
bacharelado,118064,4
licenciatura,118564,3
licenciatura,118566,4
licenciatura,118568,3
licenciatura,1156313,3
licenciatura,1259131,4
licenciatura,17098,4
licenciatura,70652,4
bacharelado,1139692,4
licenciatura,1313148,3
licenciatura,1313149,3
licenciatura,17194,4
licenciatura,17195,3
licenciatura,17196,3
licenciatura,17199,4
licenciatura,20574,2
bacharelado,44951,3
licenciatura,53534,3
licenciatura,81453,4
licenciatura,99617,3
licenciatura,102702,3
bacharelado,317194,2
bacharelado,317195,3
bacharelado,320574,3
licenciatura,344951,3
bacharelado,1267543,3
licenciatura,1270468,3
licenciatura,1270473,3
licenciatura,1270474,3
licenciatura,1270476,3
licenciatura,1321319,3
licenciatura,1321321,3
licenciatura,1321322,3
licenciatura,1321326,3
licenciatura,41798,3
licenciatura,109873,4
tecnologico,18277,3
licenciatura,31266,2
licenciatura,109766,3
licenciatura,109768,2
licenciatura,109893,3
bacharelado,17727,4
licenciatura,21578,4
licenciatura,21579,4
licenciatura,21580,4
licenciatura,21971,4
bacharelado,38231,4
bacharelado,101984,4
licenciatura,101986,4
licenciatura,45701,3
licenciatura,45703,3
licenciatura,45711,3
licenciatura,45713,3
licenciatura,45715,3
licenciatura,50933,3
licenciatura,50935,4
licenciatura,51044,3
licenciatura,68265,3
licenciatura,68313,3
bacharelado,68321,4
licenciatura,89018,3
licenciatura,89022,3
licenciatura,89024,2
licenciatura,89029,3
bacharelado,95706,4
licenciatura,105780,3
licenciatura,105928,3
licenciatura,113050,2
licenciatura,113052,4
licenciatura,113054,3
licenciatura,113056,4
licenciatura,113058,4
licenciatura,123588,4
licenciatura,150102,2
licenciatura,150104,4
licenciatura,150105,3
licenciatura,150106,3
bacharelado,1190630,3
bacharelado,1190631,3
bacharelado,1265863,3
bacharelado,1313326,4
licenciatura,2675,3
licenciatura,7077,2
licenciatura,7078,3
licenciatura,7079,3
licenciatura,7081,3
licenciatura,11138,3
licenciatura,11140,3
licenciatura,11660,3
licenciatura,15199,4
licenciatura,18895,3
licenciatura,20854,3
licenciatura,39550,3
licenciatura,39715,4
licenciatura,50846,4
bacharelado,50948,3
licenciatura,51008,3
licenciatura,55026,2
licenciatura,56134,3
bacharelado,60406,3
licenciatura,60538,3
bacharelado,60560,3
licenciatura,62380,3
bacharelado,62382,3
licenciatura,63888,3
licenciatura,64026,3
licenciatura,64552,3
licenciatura,64566,3
licenciatura,67813,3
licenciatura,68511,3
licenciatura,70732,4
bacharelado,83710,3
licenciatura,84006,3
licenciatura,85136,3
licenciatura,89255,3
licenciatura,89269,3
licenciatura,95043,2
licenciatura,103600,3
licenciatura,104802,4
licenciatura,105084,3
licenciatura,105352,3
licenciatura,106732,3
licenciatura,108586,3
licenciatura,113311,3
licenciatura,113365,3
licenciatura,1081911,3
bacharelado,1081931,4
licenciatura,1101658,3
licenciatura,1155387,3
licenciatura,1161250,2
bacharelado,1172159,3
licenciatura,1185330,3
licenciatura,60930,3
licenciatura,60934,4
tecnologico,100244,4
tecnologico,100246,4
licenciatura,123764,3
licenciatura,123766,4
licenciatura,123775,3
licenciatura,123778,3
licenciatura,123780,3
licenciatura,123782,3
licenciatura,123787,3
licenciatura,123789,3
licenciatura,123791,3
licenciatura,1123270,4
tecnologico,1183332,4
licenciatura,1184450,3
tecnologico,1342459,4
tecnologico,1403893,4
licenciatura,52435,3
licenciatura,52442,3
bacharelado,115374,3
licenciatura,1158921,4
licenciatura,1158924,5
licenciatura,1159013,4
licenciatura,1259974,4
bacharelado,1286732,3
licenciatura,1349108,4
licenciatura,1349405,3
licenciatura,11161,4
licenciatura,11162,4
licenciatura,11163,4
licenciatura,11171,4
licenciatura,18496,4
licenciatura,19264,4
licenciatura,19329,4
licenciatura,25783,4
licenciatura,25784,4
licenciatura,43778,4
licenciatura,43781,4
licenciatura,43788,3
licenciatura,49701,4
licenciatura,60895,4
bacharelado,61592,4
bacharelado,101628,3
licenciatura,101662,4
bacharelado,101712,4
licenciatura,101751,4
licenciatura,101762,4
licenciatura,101766,4
licenciatura,103572,4
licenciatura,108262,4
bacharelado,311171,4
licenciatura,1160947,4
bacharelado,1303607,4
tecnologico,58391,4
licenciatura,81312,4
tecnologico,95104,4
licenciatura,123233,3
licenciatura,1128030,3
licenciatura,1128096,3
tecnologico,1166614,4
licenciatura,1188374,3
licenciatura,1188396,4
licenciatura,1341255,4
licenciatura,19823,2
licenciatura,19830,3
bacharelado,21103,3
licenciatura,21105,2
licenciatura,58180,3
bacharelado,1212462,3
tecnologico,105390,4
licenciatura,109616,4
licenciatura,109618,4
bacharelado,409616,3
licenciatura,1102962,4
licenciatura,1102963,3
licenciatura,1105116,4
licenciatura,1105299,3
licenciatura,1126893,3
licenciatura,1128095,3
tecnologico,1188129,4
bacharelado,1330352,3
bacharelado,1330896,3
bacharelado,1331611,3
bacharelado,1377489,4
bacharelado,20307,3
licenciatura,20309,3
licenciatura,113090,4
tecnologico,113469,4
licenciatura,1146775,3
licenciatura,37777,3
licenciatura,91943,4
tecnologico,1487493,4
licenciatura,1126666,4
licenciatura,1126724,4
licenciatura,1126731,4
bacharelado,1152810,2
licenciatura,1181262,3
tecnologico,1313301,3
tecnologico,1341342,3
bacharelado,1377509,3
tecnologico,1150486,3
tecnologico,1189812,3
tecnologico,1150279,3
tecnologico,1150286,4
licenciatura,63381,3
licenciatura,63383,3
licenciatura,84374,3
licenciatura,85320,3
licenciatura,89472,3
licenciatura,120078,3
licenciatura,120080,3
licenciatura,120084,3
licenciatura,1126104,3
licenciatura,1127582,3
licenciatura,1128029,3
licenciatura,1128229,3
licenciatura,1160979,3
licenciatura,1180209,3
bacharelado,1181115,3
tecnologico,1191424,3
licenciatura,1292731,4
bacharelado,1314243,3
licenciatura,1335611,3
licenciatura,1335623,3
licenciatura,1335739,3
licenciatura,1364464,3
licenciatura,1364469,4
bacharelado,1376131,3
licenciatura,1377547,3
licenciatura,1399536,3
licenciatura,1399546,4
licenciatura,1403536,4
licenciatura,1403609,3
licenciatura,1405659,3
licenciatura,1419627,3
licenciatura,1419776,4
licenciatura,1442119,3
bacharelado,5000135,3
licenciatura,5000136,3
licenciatura,5000138,3
licenciatura,5000139,3
tecnologico,5000141,3
bacharelado,5000143,3
licenciatura,5000146,3
licenciatura,5000802,3
licenciatura,108730,4
bacharelado,122845,4
tecnologico,150129,3
licenciatura,1103657,4
licenciatura,1103692,4
tecnologico,1103832,3
licenciatura,1103909,4
licenciatura,1117076,4
licenciatura,1127924,3
bacharelado,1127925,3
licenciatura,1127926,4
licenciatura,1127927,4
bacharelado,1270538,4
licenciatura,1308687,3
licenciatura,1319230,3
licenciatura,1365444,4
tecnologico,48231,3
licenciatura,100690,3
licenciatura,1122775,3
licenciatura,1126881,3
licenciatura,1127374,2
licenciatura,1128010,3
licenciatura,1153094,2
licenciatura,1153463,4
licenciatura,48237,4
tecnologico,72017,3
licenciatura,101856,4
licenciatura,113202,4
licenciatura,113490,4
tecnologico,121824,4
tecnologico,121940,4
licenciatura,122122,4
tecnologico,122124,4
tecnologico,123850,4
licenciatura,1103451,4
licenciatura,1103688,4
licenciatura,1116850,4
licenciatura,1116852,4
tecnologico,1128356,4
licenciatura,1128360,4
licenciatura,1128375,4
tecnologico,1128377,3
licenciatura,1128378,4
licenciatura,1129073,3
tecnologico,1166436,4
licenciatura,1168211,4
licenciatura,1168212,4
tecnologico,1168576,4
tecnologico,1168577,4
tecnologico,1181037,3
licenciatura,1181042,3
licenciatura,1188343,4
licenciatura,1188344,3
tecnologico,1188348,4
tecnologico,1188375,3
tecnologico,1188377,4
licenciatura,1188380,4
tecnologico,1214442,3
tecnologico,1260286,4
licenciatura,1260299,4
tecnologico,1260313,3
licenciatura,1260317,4
licenciatura,1313171,4
licenciatura,1313172,4
licenciatura,1313173,3
licenciatura,1330118,4
licenciatura,1333201,4
licenciatura,1340989,4
licenciatura,1341006,4
licenciatura,1341347,4
licenciatura,1366964,4
licenciatura,1366966,4
licenciatura,1366967,5
licenciatura,1366970,4
licenciatura,1374756,4
licenciatura,1375236,3
licenciatura,1375237,4
licenciatura,1376267,4
licenciatura,1377536,3
licenciatura,1377538,4
licenciatura,1400668,4
licenciatura,1419616,4
bacharelado,1420608,5
tecnologico,1420636,4
licenciatura,1420637,4
licenciatura,1420646,4
tecnologico,1420648,4
tecnologico,5001091,4
licenciatura,70460,3
tecnologico,83436,3
licenciatura,108434,3
licenciatura,121135,3
licenciatura,121451,3
licenciatura,123831,4
licenciatura,1103461,4
licenciatura,1128547,3
licenciatura,1128549,4
licenciatura,1129597,4
bacharelado,1191217,4
licenciatura,1191219,3
bacharelado,1191221,3
licenciatura,1191222,4
bacharelado,1191224,4
licenciatura,1192191,3
licenciatura,1262435,3
tecnologico,1270621,4
tecnologico,1299197,3
licenciatura,1312986,3
licenciatura,1314351,4
licenciatura,1314353,3
licenciatura,1321331,3
licenciatura,1321332,4
bacharelado,1341371,5
tecnologico,48271,4
licenciatura,71553,3
licenciatura,71556,3
licenciatura,5000492,3
licenciatura,5000493,3
tecnologico,1193457,3
tecnologico,1419884,3
licenciatura,1428321,4
tecnologico,62638,4
licenciatura,63045,3
licenciatura,63055,3
licenciatura,63059,3
licenciatura,63062,3
licenciatura,83927,2
licenciatura,83929,3
tecnologico,88728,3
licenciatura,1103371,3
licenciatura,1103809,3
licenciatura,1103813,3
licenciatura,1103854,3
licenciatura,1103900,3
licenciatura,1103910,3
licenciatura,1103911,3
licenciatura,1103912,3
licenciatura,1126885,2
licenciatura,1127113,2
licenciatura,1166493,3
tecnologico,1186003,3
licenciatura,1341227,3
licenciatura,1341230,3
licenciatura,1341231,3
licenciatura,1341233,3
licenciatura,1341234,3
licenciatura,1375423,3
licenciatura,1375998,3
licenciatura,1376002,3
tecnologico,1419853,3
licenciatura,3492,2
licenciatura,3495,2
licenciatura,3497,2
licenciatura,3499,3
licenciatura,18969,3
bacharelado,1214165,2
tecnologico,1156711,3
licenciatura,50916,3
bacharelado,122536,2
licenciatura,13405,4
licenciatura,13407,4
licenciatura,13410,4
licenciatura,13436,2
bacharelado,13446,4
bacharelado,13447,4
licenciatura,13448,4
licenciatura,13449,4
licenciatura,13452,4
licenciatura,99802,4
licenciatura,99804,4
licenciatura,99806,4
licenciatura,99808,4
licenciatura,99810,3
licenciatura,118630,3
licenciatura,120777,4
bacharelado,121366,3
licenciatura,121367,4
bacharelado,313436,4
licenciatura,1106595,3
licenciatura,1152879,4
licenciatura,1152880,4
licenciatura,1152881,3
licenciatura,1152882,4
licenciatura,1158116,3
licenciatura,1160083,3
licenciatura,1162185,3
licenciatura,1204358,3
bacharelado,1101244,3
licenciatura,1103556,3
licenciatura,1161927,3
licenciatura,1161928,3
licenciatura,5000568,3
licenciatura,101858,3
licenciatura,101996,3
tecnologico,1103821,3
licenciatura,1104480,3
licenciatura,1125917,3
licenciatura,1126911,3
licenciatura,1126912,3
licenciatura,1147330,3
licenciatura,1399012,4
tecnologico,102626,4
licenciatura,1102818,4
licenciatura,1102901,4
licenciatura,1102978,4
bacharelado,1312023,3
tecnologico,1330186,4
tecnologico,1337241,4
licenciatura,1338270,3
tecnologico,1363832,4
bacharelado,1376000,3
licenciatura,1378999,4
licenciatura,67249,4
licenciatura,67251,4
licenciatura,102430,4
bacharelado,121005,4
licenciatura,121011,3
licenciatura,121013,3
licenciatura,121016,4
bacharelado,1153800,3
licenciatura,1153801,4
licenciatura,1382579,3
tecnologico,90361,3
licenciatura,114388,3
licenciatura,121537,2
tecnologico,122150,3
licenciatura,1160424,3
licenciatura,1160425,3
licenciatura,1160759,2
tecnologico,1188550,3
tecnologico,1188620,2
licenciatura,1342497,2
licenciatura,1342504,2
tecnologico,1342612,3
licenciatura,1368260,2
licenciatura,1399733,2
licenciatura,1399738,3
licenciatura,1438391,3
tecnologico,100716,4
licenciatura,118016,4
licenciatura,1102695,4
tecnologico,1127035,3
licenciatura,1127865,4
tecnologico,1128230,3
tecnologico,1168085,3
bacharelado,1260196,3
licenciatura,1387235,3
licenciatura,60624,4
licenciatura,60637,3
licenciatura,60670,3
licenciatura,60672,3
licenciatura,60674,3
licenciatura,60740,3
licenciatura,60756,3
licenciatura,60760,3
licenciatura,60762,3
licenciatura,60764,2
licenciatura,60766,3
licenciatura,60768,3
licenciatura,60845,2
licenciatura,60986,3
licenciatura,61024,3
licenciatura,61028,3
licenciatura,61669,3
tecnologico,69318,3
licenciatura,82654,4
licenciatura,82658,3
licenciatura,82661,3
licenciatura,90677,3
licenciatura,91311,2
licenciatura,91323,3
licenciatura,99363,3
licenciatura,112806,3
licenciatura,113799,4
licenciatura,113801,3
licenciatura,121315,3
licenciatura,121317,3
licenciatura,1330301,4
bacharelado,1330347,4
licenciatura,5001292,4
licenciatura,96913,4
licenciatura,1102012,4
licenciatura,1181132,3
bacharelado,1181327,4
licenciatura,85402,3
tecnologico,91909,3
licenciatura,1151328,3
licenciatura,1152312,3
tecnologico,96981,3
licenciatura,99503,3
licenciatura,112692,3
licenciatura,1102641,3
licenciatura,1102642,3
licenciatura,1102643,3
licenciatura,1102644,4
licenciatura,1102801,3
bacharelado,1190440,4
tecnologico,1261310,3
bacharelado,1292727,3
bacharelado,1342408,3
tecnologico,1342409,3
bacharelado,1382664,3
tecnologico,1404853,4
bacharelado,1451148,3
licenciatura,113279,4
licenciatura,116820,4
licenciatura,116850,3
licenciatura,1117788,3
licenciatura,1142320,4
bacharelado,1167817,3
licenciatura,1168390,3
bacharelado,1191018,4
bacharelado,1404253,4
licenciatura,1404254,4
licenciatura,5000574,3
licenciatura,5000575,4
bacharelado,5000578,3
bacharelado,98918,3
licenciatura,113589,3
licenciatura,1103487,4
licenciatura,1103649,3
licenciatura,1126886,3
licenciatura,1126887,4
bacharelado,1126898,3
tecnologico,1161236,4
licenciatura,1188383,3
licenciatura,1313158,4
licenciatura,1414995,4
tecnologico,1415487,3
licenciatura,66917,3
licenciatura,66920,4
licenciatura,66926,3
licenciatura,66929,4
licenciatura,86712,3
bacharelado,105257,3
licenciatura,150122,4
licenciatura,1188184,4
licenciatura,1330232,4
licenciatura,67603,3
licenciatura,17134,4
licenciatura,17135,3
licenciatura,17138,4
licenciatura,17139,3
licenciatura,17142,4
licenciatura,17144,4
licenciatura,17148,4
licenciatura,17154,3
licenciatura,27713,3
licenciatura,40808,4
bacharelado,41238,4
licenciatura,49687,3
licenciatura,110742,3
bacharelado,317135,4
bacharelado,317148,4
licenciatura,1100877,4
licenciatura,1100878,4
licenciatura,1100880,4
licenciatura,1101387,4
licenciatura,1105218,3
licenciatura,1150592,4
licenciatura,1151252,4
licenciatura,1151612,4
licenciatura,1300180,4
licenciatura,1316021,3
bacharelado,1316022,4
licenciatura,112674,3
licenciatura,116922,4
bacharelado,116930,4
licenciatura,116944,4
licenciatura,116962,4
bacharelado,416922,4
bacharelado,416944,4
licenciatura,1321515,4
licenciatura,100547,3
tecnologico,1295581,3
tecnologico,75347,3
tecnologico,79430,3
tecnologico,1204641,4
tecnologico,1153085,3
tecnologico,1259168,3
tecnologico,1210130,4
tecnologico,75359,3
tecnologico,107398,3
licenciatura,121464,4
licenciatura,1103163,4
licenciatura,1103185,4
licenciatura,1103186,3
tecnologico,1103759,3
licenciatura,1128930,4
licenciatura,1128936,3
licenciatura,1128937,4
licenciatura,1128938,4
licenciatura,1128939,3
licenciatura,1168335,3
licenciatura,1168573,3
bacharelado,1191268,3
licenciatura,1191349,4
licenciatura,1309618,4
licenciatura,1314994,4
licenciatura,1342455,3
licenciatura,1379294,4
licenciatura,1102499,4
licenciatura,1102529,3
licenciatura,1102693,3
bacharelado,1102783,3
tecnologico,1110052,3
licenciatura,1117203,3
licenciatura,1117559,4
bacharelado,1118111,4
licenciatura,1128498,4
licenciatura,1313065,3
licenciatura,1313355,3
licenciatura,1313360,4
bacharelado,1313361,4
bacharelado,1313407,3
licenciatura,1313443,4
licenciatura,1313445,4
bacharelado,17077,3
licenciatura,17079,3
bacharelado,1350324,3
bacharelado,85640,4
licenciatura,1349112,3
licenciatura,99132,3
licenciatura,100412,4
bacharelado,100421,4
bacharelado,114989,3
licenciatura,115037,4
licenciatura,115681,3
licenciatura,122138,4
licenciatura,1102959,3
licenciatura,1135224,4
licenciatura,1136373,3
licenciatura,1300456,4
licenciatura,15854,4
licenciatura,15855,4
licenciatura,15857,4
licenciatura,15868,3
licenciatura,15876,4
bacharelado,18384,4
licenciatura,29513,4
licenciatura,34838,4
bacharelado,95731,4
bacharelado,95769,3
licenciatura,121393,4
bacharelado,315876,4
bacharelado,1113052,5
licenciatura,1174683,4
licenciatura,1174684,3
licenciatura,1258744,3
licenciatura,96874,3
tecnologico,1315343,3
licenciatura,1136925,3
licenciatura,1137369,3
licenciatura,1182764,3
licenciatura,1182765,2
licenciatura,1263591,3
licenciatura,1292902,3
tecnologico,1364108,4
tecnologico,1364335,3
tecnologico,1364338,3
tecnologico,1404021,3
licenciatura,1427407,3
licenciatura,123224,2
licenciatura,123230,3
licenciatura,123492,3
licenciatura,123494,3
tecnologico,1106607,2
licenciatura,1106721,3
licenciatura,1127560,3
licenciatura,1178650,3
licenciatura,1313167,3
tecnologico,1314413,3
licenciatura,1318223,2
bacharelado,1318224,3
licenciatura,1341251,3
licenciatura,74082,2
bacharelado,1353996,2
bacharelado,1102342,4
bacharelado,1102344,4
bacharelado,1102345,5
licenciatura,1102398,5
licenciatura,1102399,5
licenciatura,1102400,5
licenciatura,1102402,5
bacharelado,1103021,5
licenciatura,1159779,4
tecnologico,1150328,3
tecnologico,116900,4
bacharelado,150086,4
bacharelado,150087,3
bacharelado,1343350,4
tecnologico,96819,4
licenciatura,1152082,3
bacharelado,1102774,4
bacharelado,1102793,4
licenciatura,1102795,4
tecnologico,1102924,3
licenciatura,1103025,4
licenciatura,1103031,3
licenciatura,1103032,4
bacharelado,1103034,4
licenciatura,1125919,4
licenciatura,1125934,4
licenciatura,1125947,3
licenciatura,1125948,4
tecnologico,1126033,3
bacharelado,1160123,3
licenciatura,1179300,4
tecnologico,1264046,5
licenciatura,1307282,4
licenciatura,1330648,4
tecnologico,1342973,3
tecnologico,1377572,4
licenciatura,1419756,4
tecnologico,1419856,3
licenciatura,1419858,3
licenciatura,1150372,2
licenciatura,1153477,4
tecnologico,96841,3
licenciatura,98556,3
licenciatura,98558,3
licenciatura,98560,3
licenciatura,98562,4
licenciatura,98564,3
licenciatura,98612,4
licenciatura,98614,3
licenciatura,98616,3
bacharelado,98665,3
licenciatura,98671,2
licenciatura,108342,3
licenciatura,9979,4
licenciatura,18944,3
licenciatura,18947,3
licenciatura,66899,3
licenciatura,66903,3
licenciatura,85688,3
licenciatura,92740,3
licenciatura,103352,2
licenciatura,103358,3
licenciatura,103363,3
licenciatura,103370,2
licenciatura,103372,3
licenciatura,103377,3
licenciatura,103381,2
licenciatura,103385,3
licenciatura,104810,3
licenciatura,104812,3
licenciatura,104814,3
licenciatura,106092,3
licenciatura,106093,3
licenciatura,106096,3
licenciatura,112330,2
licenciatura,112332,2
licenciatura,112338,3
licenciatura,112350,2
licenciatura,113880,2
licenciatura,1420258,3
bacharelado,103441,4
bacharelado,103451,4
licenciatura,104278,3
licenciatura,104280,4
licenciatura,104282,4
licenciatura,104292,4
licenciatura,104298,3
licenciatura,123405,4
licenciatura,123411,4
licenciatura,1103739,4
licenciatura,1107084,4
licenciatura,1168164,3
licenciatura,5000912,4
tecnologico,1209155,3
tecnologico,1149718,2
tecnologico,1442103,3
licenciatura,1147020,2
licenciatura,1147025,3
licenciatura,1147178,4
licenciatura,1148478,2
licenciatura,1354319,3
licenciatura,122404,4
licenciatura,1178556,4
licenciatura,1280246,4
bacharelado,1280431,4
licenciatura,1280435,3
licenciatura,1280561,4
licenciatura,1281070,4
licenciatura,1330338,3
licenciatura,1330384,3
licenciatura,1379291,4
licenciatura,1103526,2
tecnologico,1103633,4
licenciatura,1103664,4
licenciatura,1103745,3
licenciatura,1112662,3
licenciatura,1113373,3
tecnologico,1163800,3
licenciatura,8973,3
licenciatura,16158,3
bacharelado,18957,3
licenciatura,29422,3
licenciatura,59453,4
licenciatura,59461,4
licenciatura,120114,3
licenciatura,1125851,3
licenciatura,1167962,4
tecnologico,1268163,4
licenciatura,1268172,4
licenciatura,1268176,3
licenciatura,1268177,3
licenciatura,1313179,3
licenciatura,1313180,3
tecnologico,1313181,3
tecnologico,1313182,4
tecnologico,1313184,4
licenciatura,1313185,4
licenciatura,1313186,3
licenciatura,1313187,3
tecnologico,1313188,3
tecnologico,1404236,3
licenciatura,1404321,4
licenciatura,1405006,4
tecnologico,1445834,5
tecnologico,1454054,3
bacharelado,150254,4
bacharelado,150255,4
licenciatura,1312197,5
licenciatura,1312211,5
licenciatura,1312227,4
licenciatura,1313153,4
licenciatura,1313175,4
licenciatura,1313254,4
bacharelado,5000071,4
licenciatura,2525,4
licenciatura,16183,4
licenciatura,16185,3
licenciatura,16186,4
licenciatura,16334,4
licenciatura,16336,4
licenciatura,16338,3
licenciatura,54400,4
licenciatura,55811,4
licenciatura,55813,3
licenciatura,62880,4
licenciatura,80827,3
licenciatura,80829,3
licenciatura,114061,3
bacharelado,302525,4
bacharelado,354400,4
bacharelado,362880,2
licenciatura,1155725,3
bacharelado,1265146,3
licenciatura,12040,4
licenciatura,12098,3
licenciatura,12105,3
bacharelado,86326,3
licenciatura,114858,3
bacharelado,1187671,3
licenciatura,1190137,3
bacharelado,1308826,4
licenciatura,1382554,4
licenciatura,1395909,4
bacharelado,1396686,4
licenciatura,1152544,4
licenciatura,1152566,4
licenciatura,1152567,4
licenciatura,1152571,4
licenciatura,1152572,4
licenciatura,1152574,4
licenciatura,1260434,4
bacharelado,5000385,4
licenciatura,5000396,4
licenciatura,5000397,4
licenciatura,5000398,4
licenciatura,5000399,4
licenciatura,5000400,4
licenciatura,5000401,4
licenciatura,5000402,4
licenciatura,5000403,4
licenciatura,5000404,4
licenciatura,5000405,4
licenciatura,5000406,4
licenciatura,5000407,4
licenciatura,5000408,4
licenciatura,1168550,4
licenciatura,1270465,3
licenciatura,1272855,4
licenciatura,1272856,4
licenciatura,1272861,4
licenciatura,1272863,4
licenciatura,1272864,4
licenciatura,1292764,4
licenciatura,1292765,4
licenciatura,1292766,4
licenciatura,1292767,4
licenciatura,1388352,3
licenciatura,1153846,3
licenciatura,1168525,3
licenciatura,1168526,3
licenciatura,1192283,3
licenciatura,1399848,3
licenciatura,5000487,3
licenciatura,1153957,4
tecnologico,1153960,3
tecnologico,1153961,3
tecnologico,1313944,3
tecnologico,1342766,3
tecnologico,1419849,3
tecnologico,1168520,3
licenciatura,1189581,2
licenciatura,1189755,3
licenciatura,1266098,3
licenciatura,1376349,3
licenciatura,5001337,3
tecnologico,1150467,3
tecnologico,1160224,3
tecnologico,1203116,4
tecnologico,1268536,3
tecnologico,1150438,3
tecnologico,1149804,3
tecnologico,1149897,3
tecnologico,1150397,3
tecnologico,1152201,3
tecnologico,1151449,3
tecnologico,1177589,3
tecnologico,1150302,3
tecnologico,1215132,3
tecnologico,1149689,3
tecnologico,1150259,3
tecnologico,1278856,4
tecnologico,1457365,4
tecnologico,1156898,2
licenciatura,1483835,3
tecnologico,1183690,3
tecnologico,1284534,3
bacharelado,1453490,3
tecnologico,1321335,3
licenciatura,1270326,3
licenciatura,1270327,3
licenciatura,3643,4
licenciatura,3644,4
licenciatura,3645,3
licenciatura,8765,3
licenciatura,8766,4
licenciatura,8767,3
licenciatura,11779,4
licenciatura,15719,4
licenciatura,15720,3
licenciatura,15721,4
licenciatura,16319,4
licenciatura,18316,4
licenciatura,18959,3
licenciatura,18961,4
licenciatura,31205,4
licenciatura,43084,3
licenciatura,43086,3
licenciatura,46729,3
licenciatura,49818,4
licenciatura,49823,3
licenciatura,51476,3
licenciatura,51477,3
licenciatura,70536,3
licenciatura,70538,2
licenciatura,70981,4
licenciatura,70985,3
licenciatura,71002,3
licenciatura,95213,4
licenciatura,95215,3
licenciatura,113100,4
bacharelado,308766,3
bacharelado,395215,3
licenciatura,1154403,4
licenciatura,1155133,4
licenciatura,1156623,3
licenciatura,1185841,4
licenciatura,1185844,4
licenciatura,1203646,4
bacharelado,1206881,3
licenciatura,1266787,4
licenciatura,99022,4
licenciatura,99026,3
licenciatura,99040,4
licenciatura,118044,4
bacharelado,399022,4
bacharelado,399026,3
bacharelado,399040,3
licenciatura,1111510,4
licenciatura,1147553,4
bacharelado,1276399,3
licenciatura,1276412,3
licenciatura,99346,3
licenciatura,150097,3
bacharelado,399346,3
licenciatura,1284898,4
licenciatura,1284901,4
licenciatura,1284904,4
licenciatura,1284905,3
bacharelado,1438415,4
tecnologico,1321347,3
tecnologico,1382749,3
tecnologico,1371335,3
tecnologico,1386426,3
licenciatura,11886,3
licenciatura,11887,3
licenciatura,29456,3
licenciatura,42973,3
licenciatura,94307,3
licenciatura,120746,3
licenciatura,1174338,4
licenciatura,1174339,3
licenciatura,1332695,3
licenciatura,1350699,3
tecnologico,1458085,3
tecnologico,5001434,3
licenciatura,14111,5
licenciatura,14120,4
licenciatura,14121,4
licenciatura,14122,4
licenciatura,14125,4
licenciatura,14128,4
bacharelado,14137,4
licenciatura,22468,4
licenciatura,102038,4
licenciatura,102082,4
licenciatura,102086,3
bacharelado,314111,3
bacharelado,314128,4
bacharelado,402038,4
bacharelado,1113004,4
licenciatura,91969,4
bacharelado,118468,4
licenciatura,118470,4
licenciatura,99728,4
licenciatura,102576,3
licenciatura,104156,4
licenciatura,14090,4
licenciatura,14126,4
licenciatura,14132,4
licenciatura,14133,4
licenciatura,14135,3
licenciatura,18954,5
licenciatura,39212,4
licenciatura,101844,4
licenciatura,102090,5
licenciatura,102092,3
bacharelado,112893,3
bacharelado,314133,3
bacharelado,314135,3
bacharelado,1084262,3
bacharelado,1113009,3
licenciatura,23,4
licenciatura,24,3
licenciatura,25,4
licenciatura,32,3
licenciatura,34,3
licenciatura,101054,4
bacharelado,1128077,3
bacharelado,1188880,4
