tp_grau_academico,co_curso,enade_faixa,cpc_faixa
licenciatura,151,4,4
licenciatura,52159,3,3
licenciatura,80419,3,3
licenciatura,62512,4,3
licenciatura,1103469,1,2
licenciatura,1105133,3,3
licenciatura,1146843,4,3
licenciatura,1044,3,4
licenciatura,111378,5,4
licenciatura,117352,4,3
licenciatura,91972,5,4
licenciatura,94725,5,4
licenciatura,1212284,5,4
licenciatura,5000539,4,3
licenciatura,1178043,4,4
licenciatura,92597,3,2
licenciatura,111889,4,4
licenciatura,11462,3,3
licenciatura,95667,4,4
licenciatura,116522,4,4
licenciatura,52472,4,4
licenciatura,1112914,4,3
licenciatura,12943,5,4
licenciatura,1153951,4,4
licenciatura,13312,4,4
licenciatura,107438,4,4
licenciatura,23910,4,3
licenciatura,116768,5,4
licenciatura,84840,3,4
licenciatura,21990,4,4
licenciatura,1103310,2,3
licenciatura,31978,3,3
licenciatura,36348,4,4
licenciatura,123567,2,3
licenciatura,63886,4,4
licenciatura,1154848,3,3
licenciatura,1156313,2,3
licenciatura,102702,3,3
licenciatura,39550,4,3
licenciatura,84006,4,3
licenciatura,120080,4,3
licenciatura,1314353,2,3
licenciatura,116962,4,4
licenciatura,120114,2,3
licenciatura,70536,4,3
licenciatura,1155133,4,4
licenciatura,1276412,2,3
bacharelado,36,3,4
bacharelado,112846,3,4
bacharelado,127,4,4
licenciatura,18032,5,4
bacharelado,317,4,4
bacharelado,62484,4,4
bacharelado,513,4,4
bacharelado,594,4,4
bacharelado,614,4,4
bacharelado,112680,5,4
bacharelado,703,5,5
bacharelado,1161839,4,4
bacharelado,778,4,4
bacharelado,1452,4,4
bacharelado,20239,4,4
bacharelado,2209,3,3
bacharelado,54520,4,3
bacharelado,2717,5,4
bacharelado,3190,4,4
bacharelado,3197,5,4
bacharelado,3211,3,4
bacharelado,52048,4,4
bacharelado,3419,4,4
bacharelado,3531,2,2
bacharelado,20933,3,4
bacharelado,57606,2,3
bacharelado,3676,3,4
bacharelado,18584,3,3
bacharelado,122330,3,4
licenciatura,121564,2,3
bacharelado,5000356,3,4
bacharelado,11452,4,4
bacharelado,1190071,3,3
bacharelado,1265453,2,3
bacharelado,12313,5,5
bacharelado,12581,5,4
licenciatura,1270221,4,4
licenciatura,1270226,5,4
bacharelado,12710,5,4
bacharelado,82799,3,4
licenciatura,1145037,3,4
bacharelado,12837,5,4
bacharelado,116868,3,4
bacharelado,1159854,4,4
bacharelado,1102636,4,4
bacharelado,12946,5,5
bacharelado,18518,4,4
bacharelado,65361,5,5
bacharelado,13216,5,4
bacharelado,101942,3,4
bacharelado,13277,4,4
licenciatura,1142650,4,3
bacharelado,13401,4,4
licenciatura,98984,3,3
bacharelado,13595,4,4
bacharelado,13717,5,4
bacharelado,13881,4,4
bacharelado,13980,4,4
bacharelado,1270596,3,4
bacharelado,1272079,4,4
bacharelado,1299927,3,4
bacharelado,14098,4,4
bacharelado,14217,5,4
bacharelado,85783,4,4
licenciatura,43917,5,4
bacharelado,1102628,4,4
bacharelado,1102800,3,4
licenciatura,1150932,3,3
bacharelado,1152636,3,4
bacharelado,1164656,3,4
bacharelado,1270472,3,4
bacharelado,91262,4,4
licenciatura,1117715,2,3
bacharelado,110528,5,5
bacharelado,18335,3,4
bacharelado,1178662,3,4
bacharelado,96951,4,4
bacharelado,18251,4,4
licenciatura,123502,1,2
licenciatura,1125808,3,3
licenciatura,1313285,3,3
bacharelado,1166783,3,3
bacharelado,1269545,3,3
bacharelado,1327439,3,3
bacharelado,14681,2,2
bacharelado,15002,4,3
bacharelado,19042,3,3
bacharelado,37862,2,2
bacharelado,15869,4,4
bacharelado,1113854,2,4
bacharelado,318882,3,3
bacharelado,43044,2,3
licenciatura,59659,3,4
licenciatura,68065,1,2
bacharelado,1269969,2,3
bacharelado,1269970,2,3
bacharelado,1473094,2,3
bacharelado,18558,3,3
bacharelado,18559,3,3
bacharelado,1190145,2,3
bacharelado,98305,3,4
bacharelado,1267543,3,3
bacharelado,101984,4,4
bacharelado,68321,3,4
licenciatura,150102,2,2
bacharelado,101712,3,4
bacharelado,21103,2,3
bacharelado,1331611,3,3
bacharelado,1377489,4,4
licenciatura,1181262,3,3
bacharelado,1377509,3,3
bacharelado,1181115,2,3
bacharelado,1376131,2,3
bacharelado,5000143,3,3
bacharelado,1420608,4,5
bacharelado,1341371,4,5
licenciatura,1166493,2,3
bacharelado,122536,1,2
bacharelado,13446,4,4
licenciatura,1125917,2,3
bacharelado,1312023,3,3
licenciatura,1382579,3,3
licenciatura,1127865,3,4
bacharelado,1260196,3,3
licenciatura,82654,3,4
licenciatura,90677,2,3
bacharelado,1190440,4,4
bacharelado,1167817,3,3
licenciatura,1168390,3,3
bacharelado,98918,3,3
bacharelado,41238,3,4
licenciatura,121464,4,4
licenciatura,1379294,4,4
licenciatura,1102529,2,3
bacharelado,1102783,2,3
bacharelado,1313361,3,4
licenciatura,123224,2,2
licenciatura,1127560,1,3
licenciatura,1318223,2,2
licenciatura,1341251,2,3
bacharelado,1102342,5,4
bacharelado,150086,3,4
bacharelado,1102793,3,4
bacharelado,1160123,3,3
bacharelado,98665,2,3
bacharelado,103441,3,4
bacharelado,1280431,4,4
licenciatura,1280435,4,3
licenciatura,1103664,4,4
licenciatura,62880,4,4
bacharelado,1265146,3,3
bacharelado,1187671,2,3
bacharelado,5000385,4,4
licenciatura,1189581,3,2
bacharelado,1206881,3,3
bacharelado,14137,3,4
bacharelado,118468,4,4
bacharelado,112893,3,3
licenciatura,29,3,4
licenciatura,41690,3,3
bacharelado,1285517,4,4
licenciatura,160,5,4
bacharelado,44382,5,4
licenciatura,327,4,4
bacharelado,20190,4,4
licenciatura,95037,3,4
licenciatura,398,4,4
bacharelado,1110779,3,3
bacharelado,525,4,4
licenciatura,99714,2,4
licenciatura,99860,2,3
licenciatura,116638,3,4
licenciatura,1105897,3,4
licenciatura,18876,4,4
bacharelado,318876,4,4
licenciatura,621,4,4
bacharelado,96401,5,4
licenciatura,96403,4,4
licenciatura,115078,4,4
licenciatura,115096,4,4
bacharelado,300621,5,4
bacharelado,1322704,4,4
licenciatura,684,5,4
licenciatura,122354,4,4
bacharelado,300684,5,4
bacharelado,1135277,4,4
licenciatura,772,4,4
bacharelado,300772,4,4
bacharelado,74364,3,4
licenciatura,74366,4,4
bacharelado,1430,4,4
licenciatura,103029,2,3
licenciatura,115872,4,4
bacharelado,411354,3,4
licenciatura,20234,4,4
bacharelado,45498,3,3
licenciatura,19076,4,4
licenciatura,54044,3,3
licenciatura,58518,2,3
licenciatura,66299,3,3
licenciatura,66303,3,4
licenciatura,113824,3,4
licenciatura,114182,2,3
licenciatura,83296,3,3
licenciatura,83316,3,4
licenciatura,83328,3,4
licenciatura,83332,3,3
licenciatura,91671,3,4
licenciatura,92385,3,3
bacharelado,1357571,3,3
bacharelado,1363761,5,4
licenciatura,21807,3,4
licenciatura,21890,2,3
licenciatura,23051,3,3
licenciatura,47335,2,3
licenciatura,99906,2,3
licenciatura,100148,2,3
licenciatura,2722,4,4
bacharelado,123065,5,4
licenciatura,123067,5,4
licenciatura,3149,4,4
licenciatura,3154,5,4
licenciatura,3219,5,4
licenciatura,3222,4,3
licenciatura,52256,4,4
licenciatura,60255,4,5
bacharelado,66981,4,4
bacharelado,303142,5,4
bacharelado,303149,4,4
bacharelado,303154,5,4
bacharelado,303222,4,4
bacharelado,352256,4,4
licenciatura,1150789,5,4
bacharelado,1212121,4,4
licenciatura,1300116,3,4
bacharelado,1300317,4,4
licenciatura,3408,4,4
licenciatura,99370,3,3
bacharelado,303408,4,5
licenciatura,3574,4,4
bacharelado,303574,4,3
licenciatura,85762,1,2
licenciatura,3613,2,2
licenciatura,3673,5,5
bacharelado,303673,3,4
licenciatura,19491,3,4
bacharelado,319491,2,3
licenciatura,48948,4,4
bacharelado,348948,4,4
licenciatura,18894,3,4
bacharelado,69445,3,3
licenciatura,86244,2,3
bacharelado,45384,4,4
licenciatura,59412,2,3
licenciatura,59994,3,4
licenciatura,59998,2,3
licenciatura,87481,2,2
licenciatura,11310,4,4
licenciatura,11325,4,4
bacharelado,311310,4,4
licenciatura,11426,4,4
licenciatura,103303,2,4
bacharelado,311426,4,4
licenciatura,11543,4,4
bacharelado,99841,2,3
licenciatura,113703,2,3
licenciatura,11593,3,3
bacharelado,114055,3,4
bacharelado,311593,4,4
licenciatura,81296,3,4
licenciatura,103477,3,3
licenciatura,120604,2,3
licenciatura,1352592,3,3
licenciatura,1354738,3,3
licenciatura,1404068,2,3
licenciatura,18491,3,4
licenciatura,104640,2,3
bacharelado,12332,4,4
licenciatura,312332,4,4
licenciatura,12588,5,4
bacharelado,312588,5,4
bacharelado,1113241,3,4
licenciatura,1270232,4,4
licenciatura,44367,5,4
bacharelado,344367,4,4
licenciatura,12812,5,4
bacharelado,99086,3,4
bacharelado,99278,4,4
licenciatura,116852,4,4
licenciatura,116874,3,4
bacharelado,312812,4,4
licenciatura,12916,4,4
bacharelado,312916,4,4
licenciatura,12945,5,4
bacharelado,312945,5,4
licenciatura,13086,5,4
bacharelado,313086,4,4
bacharelado,13225,4,4
licenciatura,102166,3,4
licenciatura,107436,3,4
licenciatura,1288838,2,4
licenciatura,13283,5,4
bacharelado,118024,4,4
bacharelado,313283,5,4
licenciatura,13399,4,4
licenciatura,97767,4,4
bacharelado,313399,4,4
bacharelado,397767,2,3
licenciatura,20889,3,4
bacharelado,44992,3,4
licenciatura,101140,3,4
bacharelado,45003,5,4
licenciatura,45004,5,4
bacharelado,100820,4,4
licenciatura,45328,5,4
licenciatura,1084792,3,4
bacharelado,1113713,4,4
licenciatura,13974,4,4
bacharelado,313974,4,3
licenciatura,14089,4,4
bacharelado,314089,4,4
licenciatura,14218,5,5
bacharelado,314218,5,4
licenciatura,1116025,4,4
bacharelado,23976,5,4
bacharelado,29106,5,4
bacharelado,31957,5,4
bacharelado,31958,5,5
bacharelado,31959,5,4
licenciatura,44900,5,4
licenciatura,99287,5,4
bacharelado,112584,3,3
bacharelado,112586,4,4
bacharelado,121706,3,3
bacharelado,1114292,3,4
bacharelado,1180207,5,5
bacharelado,14506,3,4
licenciatura,14512,4,4
bacharelado,101834,3,3
licenciatura,1151549,3,4
licenciatura,1270469,3,4
licenciatura,1400718,4,4
bacharelado,101219,4,4
bacharelado,63838,4,4
licenciatura,122662,5,4
licenciatura,20122,3,4
bacharelado,1112281,4,4
licenciatura,100900,3,4
licenciatura,114562,3,4
licenciatura,1285018,3,4
licenciatura,1165090,4,4
licenciatura,62674,4,4
licenciatura,1103317,2,3
licenciatura,1168361,2,3
licenciatura,1168581,3,3
licenciatura,1168583,2,3
licenciatura,1188418,3,3
licenciatura,1304669,1,3
licenciatura,1338870,3,4
licenciatura,1376050,4,4
licenciatura,113735,4,4
bacharelado,113737,4,3
bacharelado,15333,4,4
licenciatura,21450,4,4
licenciatura,15410,4,4
bacharelado,21114,3,3
licenciatura,20262,4,4
licenciatura,20270,3,4
bacharelado,38881,3,4
licenciatura,94641,3,3
bacharelado,150052,3,4
bacharelado,150053,3,4
bacharelado,15786,4,4
licenciatura,100207,5,4
licenciatura,1163653,5,4
licenciatura,15831,3,3
licenciatura,15863,3,4
licenciatura,15866,3,4
licenciatura,18381,3,3
bacharelado,315831,3,4
licenciatura,18363,3,4
bacharelado,318363,3,4
licenciatura,104398,2,3
licenciatura,16269,3,3
licenciatura,16275,2,3
licenciatura,16276,3,3
licenciatura,58506,3,4
licenciatura,1436021,2,4
licenciatura,16389,3,4
bacharelado,60448,4,4
bacharelado,16591,3,3
licenciatura,1159666,3,3
licenciatura,1327518,2,2
licenciatura,1327522,2,3
licenciatura,111986,1,2
licenciatura,19016,3,4
licenciatura,19091,3,3
licenciatura,19142,3,3
licenciatura,19146,1,2
licenciatura,19152,3,4
licenciatura,19195,3,3
bacharelado,1263648,4,3
bacharelado,16897,3,4
licenciatura,118566,3,4
bacharelado,44951,2,3
licenciatura,344951,3,3
licenciatura,1270468,2,3
bacharelado,17727,4,4
licenciatura,21971,4,4
licenciatura,45711,3,3
licenciatura,45713,2,3
licenciatura,45715,2,3
licenciatura,50933,3,3
bacharelado,1190630,3,3
bacharelado,1190631,2,3
licenciatura,11660,2,3
bacharelado,50948,2,3
licenciatura,60538,4,3
licenciatura,64552,3,3
licenciatura,67813,3,3
licenciatura,85136,3,3
licenciatura,104802,4,4
licenciatura,123778,2,3
licenciatura,1159013,4,4
licenciatura,18496,4,4
bacharelado,1303607,4,4
licenciatura,1341255,3,4
licenciatura,19830,2,3
licenciatura,109616,3,4
bacharelado,409616,3,3
licenciatura,1102962,2,4
licenciatura,1105299,2,3
licenciatura,113090,3,4
licenciatura,1126666,4,4
licenciatura,1126104,3,3
licenciatura,1128029,3,3
licenciatura,1403536,4,4
licenciatura,1103692,3,4
licenciatura,1103909,3,4
licenciatura,1103451,5,4
licenciatura,1116852,4,4
licenciatura,1168211,4,4
licenciatura,1260317,4,4
licenciatura,1128547,3,3
licenciatura,71556,3,3
licenciatura,1428321,2,4
licenciatura,63045,3,3
licenciatura,83927,2,2
licenciatura,1341233,3,3
licenciatura,1341234,3,3
licenciatura,1376002,2,3
licenciatura,99802,3,4
licenciatura,99804,3,4
licenciatura,1152882,4,4
licenciatura,1161928,3,3
bacharelado,121005,4,4
licenciatura,1160425,2,3
licenciatura,1342497,2,2
licenciatura,1399733,3,2
licenciatura,1399738,2,3
licenciatura,1438391,2,3
licenciatura,1102695,4,4
licenciatura,60670,2,3
licenciatura,60674,2,3
licenciatura,61028,2,3
licenciatura,99363,4,3
licenciatura,1151328,2,3
licenciatura,1102643,3,3
licenciatura,1102801,2,3
licenciatura,5000575,3,4
licenciatura,1126887,3,4
bacharelado,105257,2,3
licenciatura,17148,2,4
bacharelado,317148,4,4
licenciatura,1101387,3,4
bacharelado,116930,3,4
licenciatura,1103186,2,3
licenciatura,1128930,3,4
licenciatura,1191349,3,4
licenciatura,1309618,3,4
licenciatura,1314994,4,4
licenciatura,1342455,3,3
licenciatura,1102499,3,4
licenciatura,1102693,3,3
licenciatura,1117559,3,4
licenciatura,1313443,4,4
bacharelado,100421,3,4
licenciatura,115037,3,4
licenciatura,15876,4,4
bacharelado,315876,3,4
licenciatura,1136925,2,3
licenciatura,1263591,2,3
licenciatura,123230,3,3
bacharelado,1102345,5,5
licenciatura,1102399,5,5
bacharelado,150087,3,3
bacharelado,1343350,3,4
licenciatura,98614,2,3
licenciatura,92740,3,3
licenciatura,103352,2,2
licenciatura,103370,2,2
licenciatura,104810,2,3
bacharelado,103451,3,4
licenciatura,123411,3,4
licenciatura,1280561,4,4
licenciatura,1112662,2,3
licenciatura,59453,3,4
licenciatura,1313179,3,3
licenciatura,1313186,2,3
licenciatura,1313187,3,3
bacharelado,5000071,4,4
licenciatura,54400,4,4
licenciatura,55813,3,3
licenciatura,80829,3,3
bacharelado,354400,3,4
licenciatura,12105,3,3
bacharelado,1308826,3,4
bacharelado,1396686,2,4
licenciatura,1152544,3,4
licenciatura,1152571,4,4
licenciatura,1292765,3,4
licenciatura,1168525,2,3
licenciatura,1266098,2,3
licenciatura,49818,4,4
licenciatura,49823,3,3
licenciatura,95215,3,3
bacharelado,395215,3,3
licenciatura,1203646,3,4
licenciatura,99026,3,3
bacharelado,399026,3,3
licenciatura,1284898,2,4
bacharelado,1438415,3,4
licenciatura,1174338,3,4
licenciatura,102086,3,3
bacharelado,1113004,4,4
licenciatura,99728,3,4
licenciatura,14135,3,3
bacharelado,314135,3,3
licenciatura,32,2,3
bacharelado,1188880,4,4
licenciatura,1103701,4,3
bacharelado,1103742,3,3
bacharelado,29692,4,4
bacharelado,33204,4,4
bacharelado,34983,4,4
licenciatura,44418,4,3
bacharelado,318,3,4
licenciatura,20763,5,4
bacharelado,407,2,3
bacharelado,498,3,3
licenciatura,1105815,4,3
bacharelado,630,4,4
bacharelado,117492,4,4
licenciatura,417492,5,4
licenciatura,774,4,4
bacharelado,300774,3,4
licenciatura,18380,5,4
bacharelado,318380,2,3
licenciatura,150311,3,3
licenciatura,2217,4,4
bacharelado,302217,2,3
licenciatura,1378875,4,4
bacharelado,1166897,3,3
licenciatura,1166899,2,3
bacharelado,26129,5,5
bacharelado,36013,4,4
licenciatura,47358,5,5
licenciatura,47364,4,3
licenciatura,3130,4,3
licenciatura,3167,3,3
bacharelado,303130,4,4
bacharelado,303167,3,4
licenciatura,21624,4,4
bacharelado,321624,5,5
licenciatura,3567,3,4
bacharelado,303567,3,3
licenciatura,3670,4,4
bacharelado,87582,2,3
licenciatura,87583,2,3
bacharelado,307827,2,3
licenciatura,1257430,3,3
licenciatura,11322,4,4
bacharelado,311322,3,4
licenciatura,11450,3,4
bacharelado,311450,2,3
bacharelado,11544,2,3
licenciatura,1343342,2,3
bacharelado,105580,2,3
licenciatura,114002,3,3
licenciatura,1457112,2,3
licenciatura,12315,4,4
bacharelado,1113220,3,3
licenciatura,12558,5,4
bacharelado,312558,4,4
licenciatura,12686,5,4
licenciatura,123729,4,4
bacharelado,312686,4,4
bacharelado,1079286,2,3
licenciatura,12838,5,4
bacharelado,312838,4,4
bacharelado,1112946,3,3
licenciatura,117114,3,3
bacharelado,417114,1,3
licenciatura,12949,5,4
bacharelado,312949,5,4
licenciatura,13087,5,5
bacharelado,313087,4,4
bacharelado,13223,3,4
licenciatura,107487,3,3
licenciatura,13304,4,3
bacharelado,24668,4,4
bacharelado,24868,4,4
bacharelado,26911,4,4
bacharelado,13459,4,4
licenciatura,1110230,3,3
bacharelado,13575,4,4
licenciatura,21847,3,3
bacharelado,45008,4,4
licenciatura,45009,5,4
bacharelado,18881,3,4
licenciatura,112656,3,4
licenciatura,13982,4,4
licenciatura,116834,4,3
bacharelado,313982,3,3
bacharelado,416834,2,3
bacharelado,1295548,4,4
licenciatura,14221,4,4
bacharelado,314221,4,4
licenciatura,14348,4,4
bacharelado,314348,4,4
bacharelado,14513,3,4
licenciatura,101274,5,4
bacharelado,401274,4,4
bacharelado,1108032,2,4
licenciatura,1108041,4,3
bacharelado,113739,3,3
licenciatura,113743,3,3
licenciatura,1214163,3,3
licenciatura,1278733,5,4
bacharelado,21544,3,4
licenciatura,121796,2,3
bacharelado,385458,2,3
licenciatura,101241,2,3
bacharelado,401241,1,3
licenciatura,1214129,2,3
licenciatura,1268562,2,2
bacharelado,69747,1,3
licenciatura,20574,2,2
bacharelado,320574,2,3
bacharelado,38231,5,4
licenciatura,113050,1,2
licenciatura,123588,3,4
bacharelado,1265863,1,3
licenciatura,1185330,4,3
licenciatura,1191222,3,4
licenciatura,1262435,3,3
licenciatura,13436,2,2
bacharelado,313436,4,4
licenciatura,1106595,2,3
licenciatura,110742,2,3
bacharelado,1316022,2,4
licenciatura,116922,3,4
bacharelado,416922,3,4
bacharelado,114989,2,3
licenciatura,1300456,4,4
bacharelado,95731,2,4
licenciatura,1174683,3,4
licenciatura,1167962,3,4
licenciatura,5000407,4,4
licenciatura,5000408,3,4
licenciatura,1272864,2,4
licenciatura,1388352,2,3
bacharelado,26978,5,4
bacharelado,34992,5,4
bacharelado,1108064,4,4
bacharelado,116832,4,3
bacharelado,92117,5,4
bacharelado,102935,3,4
bacharelado,2450,4,4
bacharelado,64650,3,3
bacharelado,1438181,4,4
bacharelado,11447,4,4
bacharelado,116758,4,4
bacharelado,20037,4,4
bacharelado,121496,4,4
bacharelado,1153949,4,4
bacharelado,1139972,3,3
bacharelado,13319,4,4
bacharelado,107352,1,3
bacharelado,80088,5,4
bacharelado,101127,3,3
bacharelado,96429,5,4
bacharelado,1167971,4,4
bacharelado,116526,4,4
bacharelado,116842,4,4
bacharelado,102667,5,4
bacharelado,1152810,2,2
bacharelado,13447,4,4
licenciatura,19,3,4
licenciatura,106052,3,4
bacharelado,1168551,4,4
licenciatura,142,4,4
bacharelado,1192413,5,4
bacharelado,99423,3,4
licenciatura,101666,5,4
licenciatura,396,4,4
bacharelado,104364,3,4
bacharelado,104366,3,4
licenciatura,112102,2,3
licenciatura,487,4,4
licenciatura,112600,4,4
bacharelado,1083188,5,4
licenciatura,635,5,4
bacharelado,300635,5,4
licenciatura,687,5,5
bacharelado,300687,5,4
licenciatura,1114569,3,4
licenciatura,754,4,4
bacharelado,92157,4,4
licenciatura,99501,5,4
licenciatura,1438,4,4
bacharelado,301438,4,4
licenciatura,74215,4,4
licenciatura,50143,4,4
licenciatura,83964,3,3
licenciatura,91497,3,3
licenciatura,91649,3,4
licenciatura,1268525,3,3
licenciatura,123124,4,4
bacharelado,123128,5,4
licenciatura,21781,3,3
licenciatura,47331,2,3
licenciatura,99588,2,3
licenciatura,1349165,2,2
bacharelado,1457140,3,3
bacharelado,1457164,2,2
bacharelado,1458102,3,3
licenciatura,42148,5,5
licenciatura,47454,5,5
bacharelado,91897,5,5
bacharelado,91899,5,4
bacharelado,122951,5,4
licenciatura,3201,5,4
licenciatura,3207,4,4
licenciatura,120416,5,4
bacharelado,420416,4,4
bacharelado,1212124,5,4
bacharelado,1257438,3,4
licenciatura,3410,3,4
licenciatura,99397,5,4
bacharelado,303410,3,4
licenciatura,5000546,3,4
licenciatura,3563,3,3
licenciatura,72594,4,3
bacharelado,1215159,3,4
licenciatura,18088,2,2
licenciatura,3662,3,4
bacharelado,303662,4,4
licenciatura,4088,2,3
bacharelado,1146686,2,3
licenciatura,71816,4,4
bacharelado,1421316,5,4
licenciatura,92592,3,3
bacharelado,92601,3,3
licenciatura,92602,3,3
licenciatura,8426,4,4
bacharelado,95631,4,4
licenciatura,87487,2,2
bacharelado,150186,3,3
licenciatura,11300,4,4
bacharelado,311300,4,4
licenciatura,11435,4,4
bacharelado,1268388,5,4
licenciatura,1313224,4,4
bacharelado,11542,3,3
licenciatura,116196,3,3
licenciatura,11594,4,3
bacharelado,1376137,3,3
licenciatura,1457113,3,3
bacharelado,12327,5,4
licenciatura,312327,5,4
licenciatura,12562,4,4
bacharelado,312562,5,4
licenciatura,1321684,4,4
licenciatura,100406,5,4
licenciatura,12826,4,4
bacharelado,1112869,4,4
licenciatura,12915,4,4
licenciatura,12952,5,4
bacharelado,312952,5,4
licenciatura,13092,4,4
bacharelado,313092,5,4
bacharelado,1270439,4,4
licenciatura,13198,4,4
licenciatura,101940,3,4
bacharelado,104158,4,4
licenciatura,13318,5,4
licenciatura,13423,4,4
bacharelado,122288,5,4
licenciatura,13598,4,3
licenciatura,1155122,4,4
bacharelado,1192307,4,4
bacharelado,5000731,4,4
licenciatura,13721,4,4
bacharelado,88652,5,4
licenciatura,13877,4,4
bacharelado,103346,4,4
licenciatura,14000,5,4
bacharelado,100256,5,4
licenciatura,1191427,5,4
bacharelado,1191555,5,4
licenciatura,14123,4,4
bacharelado,1113011,4,4
licenciatura,14224,4,4
bacharelado,97099,5,4
bacharelado,44892,4,4
licenciatura,44893,4,4
licenciatura,1102627,4,4
bacharelado,102665,4,4
bacharelado,94115,5,4
licenciatura,101554,4,4
bacharelado,114417,4,4
licenciatura,100902,3,4
bacharelado,1292614,3,4
bacharelado,114444,4,4
bacharelado,62970,3,3
licenciatura,103569,3,3
bacharelado,64898,2,3
licenciatura,64900,2,2
bacharelado,102304,5,3
licenciatura,102306,4,3
licenciatura,15334,3,3
bacharelado,1120717,3,3
licenciatura,18312,4,4
licenciatura,18506,3,3
licenciatura,15836,5,4
licenciatura,122906,3,3
bacharelado,1419907,5,4
licenciatura,15990,3,3
licenciatura,150259,3,3
bacharelado,1376259,2,3
licenciatura,71115,2,3
licenciatura,96415,3,3
licenciatura,1404408,1,3
licenciatura,16396,3,4
bacharelado,102820,4,4
licenciatura,70624,3,3
licenciatura,1327517,2,2
licenciatura,38283,2,2
bacharelado,1118130,1,2
licenciatura,16680,4,3
licenciatura,43020,3,3
licenciatura,63455,3,3
licenciatura,99617,3,3
licenciatura,63888,4,3
licenciatura,64566,3,3
licenciatura,1081911,4,3
bacharelado,1081931,4,4
licenciatura,1101658,3,3
bacharelado,1172159,3,3
licenciatura,1349108,4,4
licenciatura,19264,4,4
bacharelado,61592,4,4
licenciatura,1188396,4,4
licenciatura,58180,2,3
bacharelado,1212462,2,3
bacharelado,20307,3,3
licenciatura,1146775,3,3
licenciatura,89472,4,3
licenciatura,5000139,3,3
licenciatura,5000802,3,3
licenciatura,3492,2,2
bacharelado,1214165,2,2
licenciatura,1330301,4,4
licenciatura,85402,3,3
licenciatura,1126886,3,3
licenciatura,1313158,3,4
licenciatura,67603,3,3
licenciatura,1300180,4,4
licenciatura,1316021,3,3
licenciatura,116944,5,4
bacharelado,416944,5,4
bacharelado,1118111,4,4
licenciatura,1128498,4,4
bacharelado,1350324,2,3
licenciatura,1102959,3,3
licenciatura,121393,3,4
licenciatura,1313167,4,3
licenciatura,74082,2,2
bacharelado,1353996,2,2
licenciatura,98612,3,4
licenciatura,1107084,3,4
licenciatura,16158,2,3
licenciatura,2525,3,4
bacharelado,302525,4,4
bacharelado,1453490,2,3
licenciatura,43086,2,3
licenciatura,14125,3,4
licenciatura,14132,3,4
bacharelado,1113009,3,3
licenciatura,1103708,3,4
bacharelado,1103709,4,4
bacharelado,27858,4,4
licenciatura,44362,4,4
licenciatura,1138346,4,4
licenciatura,326,4,4
licenciatura,380,3,3
licenciatura,496,3,3
licenciatura,595,3,4
bacharelado,300595,4,5
licenciatura,99189,4,4
bacharelado,399189,4,4
licenciatura,779,5,4
licenciatura,1453,4,4
bacharelado,301453,4,4
licenciatura,2108,2,3
licenciatura,2197,3,3
bacharelado,302197,3,3
licenciatura,1268556,3,4
licenciatura,41848,5,4
bacharelado,41849,5,4
licenciatura,3168,3,3
bacharelado,303168,5,5
licenciatura,21625,5,4
licenciatura,49756,3,3
licenciatura,64518,2,3
licenciatura,20530,2,3
bacharelado,320530,2,3
licenciatura,4194,4,4
bacharelado,304194,4,4
licenciatura,7828,2,3
licenciatura,11301,4,4
bacharelado,311301,3,3
licenciatura,11431,3,4
licenciatura,115686,3,3
licenciatura,82605,3,3
licenciatura,1404094,3,2
bacharelado,12321,4,4
licenciatura,312321,3,3
licenciatura,49472,4,4
bacharelado,312578,4,4
licenciatura,108644,4,4
bacharelado,408644,4,4
bacharelado,12834,4,4
licenciatura,312834,4,4
licenciatura,117128,4,4
licenciatura,12962,5,4
bacharelado,312962,5,4
licenciatura,13097,4,3
bacharelado,313097,4,4
licenciatura,13209,2,3
licenciatura,13303,4,3
bacharelado,313303,4,3
licenciatura,13409,3,3
bacharelado,313409,4,3
licenciatura,13577,4,3
bacharelado,313577,4,3
bacharelado,45024,4,4
licenciatura,45025,4,4
licenciatura,13839,3,4
bacharelado,121602,3,4
licenciatura,37274,4,4
bacharelado,337274,4,3
licenciatura,14110,3,4
licenciatura,121934,2,3
bacharelado,314110,4,4
bacharelado,5001248,4,3
licenciatura,14228,4,4
bacharelado,314228,4,4
licenciatura,14346,4,4
bacharelado,314346,4,4
bacharelado,401276,3,4
licenciatura,1105404,4,4
licenciatura,150125,4,4
licenciatura,14985,3,3
bacharelado,102308,4,3
bacharelado,1158382,2,3
licenciatura,1454631,2,3
licenciatura,1146611,3,4
bacharelado,1101762,5,4
licenciatura,1101763,5,4
licenciatura,1111969,3,4
licenciatura,116732,4,4
licenciatura,1425301,1,3
licenciatura,1268558,2,3
licenciatura,1321322,2,3
licenciatura,49701,4,4
bacharelado,121366,2,3
licenciatura,121367,3,4
licenciatura,1100877,2,4
licenciatura,1135224,3,4
bacharelado,1103021,5,5
licenciatura,1159779,5,4
licenciatura,108342,1,3
licenciatura,1148478,1,2
licenciatura,1313175,3,4
licenciatura,114061,2,3
licenciatura,5000396,3,4
licenciatura,5000397,3,4
licenciatura,113100,3,4
licenciatura,99346,3,3
bacharelado,399346,2,3
licenciatura,27,3,3
licenciatura,100777,3,4
licenciatura,101184,3,3
licenciatura,158,4,4
licenciatura,20768,3,4
licenciatura,95050,3,3
licenciatura,397,3,4
licenciatura,300518,3,3
licenciatura,1168454,3,3
licenciatura,623,4,4
licenciatura,115070,4,4
licenciatura,115088,5,4
licenciatura,115100,4,4
licenciatura,694,4,4
licenciatura,122356,4,4
licenciatura,770,3,3
licenciatura,18390,4,4
licenciatura,1454,3,4
licenciatura,103020,3,4
licenciatura,41324,3,4
licenciatura,19078,3,3
licenciatura,58524,3,4
licenciatura,58528,1,2
licenciatura,95767,1,3
licenciatura,2545,4,3
licenciatura,99684,3,3
licenciatura,2724,4,4
licenciatura,47461,5,4
licenciatura,3146,4,4
licenciatura,3212,4,3
licenciatura,3218,4,4
licenciatura,52056,3,4
licenciatura,60258,4,4
licenciatura,1212263,4,4
licenciatura,3405,3,3
licenciatura,5000544,2,3
licenciatura,3572,3,3
licenciatura,19492,2,3
licenciatura,66729,5,5
licenciatura,11302,4,4
licenciatura,11433,3,3
licenciatura,81516,3,3
licenciatura,11590,2,3
licenciatura,1182641,2,3
licenciatura,1314244,2,3
licenciatura,81358,2,3
licenciatura,81817,2,3
licenciatura,312334,3,4
licenciatura,49474,4,4
licenciatura,1330365,3,4
licenciatura,1330368,3,4
licenciatura,1330371,3,3
licenciatura,12688,4,4
licenciatura,1123027,3,4
licenciatura,116854,3,4
licenciatura,116878,4,4
licenciatura,1112889,3,3
licenciatura,12917,4,4
licenciatura,12963,5,4
licenciatura,13098,5,4
licenciatura,1166037,4,4
licenciatura,102150,2,3
licenciatura,107522,3,3
licenciatura,13273,5,4
licenciatura,21080,4,4
licenciatura,13400,2,3
licenciatura,13617,4,4
licenciatura,118096,3,3
licenciatura,45027,5,4
licenciatura,13840,5,5
licenciatura,41065,2,3
licenciatura,38239,4,4
licenciatura,1113044,3,4
licenciatura,42696,4,4
licenciatura,44363,4,4
licenciatura,14510,4,4
licenciatura,1102413,4,4
licenciatura,114419,4,4
licenciatura,119126,4,4
licenciatura,119138,2,3
licenciatura,96949,3,4
licenciatura,114554,4,4
licenciatura,62841,4,4
licenciatura,1158358,3,3
licenciatura,62676,3,4
licenciatura,121781,3,4
licenciatura,1103313,3,3
licenciatura,1189820,2,3
licenciatura,121478,3,4
licenciatura,14997,3,3
licenciatura,49517,3,3
licenciatura,1168149,3,4
licenciatura,15832,4,4
licenciatura,16011,1,3
licenciatura,100289,3,4
licenciatura,112136,2,3
licenciatura,19084,3,3
licenciatura,1189709,2,3
licenciatura,16895,2,4
licenciatura,81453,2,4
licenciatura,21579,5,4
licenciatura,105928,3,3
licenciatura,1161250,2,2
licenciatura,60930,3,3
licenciatura,123766,3,4
licenciatura,123775,2,3
licenciatura,123782,2,3
licenciatura,1158921,4,4
licenciatura,60895,3,4
licenciatura,1188374,2,3
licenciatura,1126731,2,4
licenciatura,63381,3,3
licenciatura,1127582,2,3
licenciatura,1128229,2,3
licenciatura,1292731,3,4
licenciatura,1399546,4,4
licenciatura,5000136,3,3
licenciatura,1127924,3,3
licenciatura,1122775,2,3
licenciatura,48237,3,4
licenciatura,1116850,3,4
licenciatura,1188343,3,4
licenciatura,1188344,2,3
licenciatura,1260299,3,4
licenciatura,1341006,3,4
licenciatura,1366966,3,4
licenciatura,1377536,2,3
licenciatura,70460,2,3
licenciatura,1191219,3,3
licenciatura,5000492,2,3
licenciatura,63055,2,3
licenciatura,1103809,3,3
licenciatura,1103900,2,3
licenciatura,1126885,1,2
licenciatura,1375423,2,3
licenciatura,1375998,3,3
licenciatura,99810,2,3
licenciatura,1152879,3,4
licenciatura,1204358,2,3
licenciatura,101858,3,3
licenciatura,1126911,2,3
licenciatura,1399012,3,4
licenciatura,1102818,3,4
licenciatura,1102901,4,4
licenciatura,67251,3,4
licenciatura,121011,3,3
licenciatura,121537,1,2
licenciatura,1342504,1,2
licenciatura,60764,1,2
licenciatura,60766,2,3
licenciatura,1181132,2,3
licenciatura,112692,2,3
licenciatura,1102642,2,3
licenciatura,116850,2,3
licenciatura,1117788,2,3
licenciatura,5000574,2,3
licenciatura,1103649,2,3
licenciatura,1100878,2,4
licenciatura,1168335,2,3
licenciatura,99132,2,3
licenciatura,1258744,2,3
licenciatura,1182764,3,3
licenciatura,123492,3,3
licenciatura,1102398,5,5
licenciatura,1125919,3,4
licenciatura,1125947,2,3
licenciatura,98671,1,2
licenciatura,104278,2,3
licenciatura,1330338,4,3
licenciatura,1125851,3,3
licenciatura,1268172,3,4
licenciatura,1268176,2,3
licenciatura,1313185,3,4
licenciatura,1152566,2,4
licenciatura,1152572,3,4
licenciatura,1292764,3,4
licenciatura,1153846,1,3
licenciatura,1192283,2,3
licenciatura,1376349,2,3
licenciatura,118044,3,4
licenciatura,1284901,3,4
licenciatura,1174339,2,3
licenciatura,102082,3,4
licenciatura,101844,4,4
bacharelado,116560,2,3
licenciatura,116690,2,3
licenciatura,1103426,3,3
licenciatura,44366,5,4
bacharelado,300129,4,4
bacharelado,310,4,4
licenciatura,328,3,4
licenciatura,95051,3,4
licenciatura,403,3,3
bacharelado,300403,3,3
licenciatura,495,3,3
licenciatura,115080,4,4
licenciatura,43869,4,4
bacharelado,343869,4,4
licenciatura,771,3,4
bacharelado,300771,4,4
bacharelado,1033,3,4
licenciatura,20943,5,5
licenciatura,1445,4,4
licenciatura,103022,3,3
bacharelado,403022,1,3
bacharelado,5000372,3,4
licenciatura,19043,4,4
bacharelado,150309,4,4
licenciatura,2205,3,3
licenciatura,38102,4,4
bacharelado,338102,2,3
licenciatura,83962,2,3
licenciatura,83970,2,3
licenciatura,83972,2,3
licenciatura,91797,3,4
licenciatura,2541,4,4
bacharelado,302541,4,4
licenciatura,2622,2,3
licenciatura,21785,2,4
licenciatura,21789,2,3
licenciatura,21794,1,2
licenciatura,21798,2,3
licenciatura,21806,3,4
licenciatura,21812,2,3
licenciatura,21815,2,3
licenciatura,21820,2,3
licenciatura,64274,2,3
licenciatura,18399,5,5
bacharelado,41057,5,4
bacharelado,47369,4,3
licenciatura,47370,4,3
licenciatura,3144,4,4
licenciatura,3162,4,4
licenciatura,82077,4,4
bacharelado,303144,3,3
bacharelado,303162,3,4
bacharelado,382077,3,4
licenciatura,3400,3,4
bacharelado,303400,4,4
licenciatura,3569,3,3
licenciatura,72598,3,4
licenciatura,1313979,2,3
licenciatura,3614,1,1
licenciatura,87561,3,3
bacharelado,1323576,2,3
licenciatura,122316,4,4
bacharelado,1174278,4,4
licenciatura,7829,3,3
licenciatura,7845,2,3
licenciatura,8418,2,3
licenciatura,8422,3,4
licenciatura,8430,3,4
licenciatura,11303,4,4
licenciatura,11327,2,3
licenciatura,83158,3,3
bacharelado,311303,3,3
licenciatura,11429,3,4
bacharelado,311429,3,3
licenciatura,11529,3,3
bacharelado,116204,3,3
licenciatura,11598,3,3
licenciatura,11614,2,3
licenciatura,11888,2,3
licenciatura,11912,3,4
bacharelado,1299196,2,3
licenciatura,1427038,1,2
licenciatura,1442010,3,4
licenciatura,1442014,2,3
licenciatura,1442016,3,3
licenciatura,1442025,2,3
licenciatura,1442030,2,3
licenciatura,1457193,2,3
licenciatura,12052,2,3
licenciatura,1330343,1,2
bacharelado,12323,4,4
licenciatura,12351,3,4
licenciatura,312323,5,4
bacharelado,1083438,2,3
licenciatura,12560,5,4
bacharelado,349476,5,4
licenciatura,1364271,3,4
licenciatura,12689,4,4
bacharelado,312689,4,4
bacharelado,423708,3,4
licenciatura,1077817,4,4
licenciatura,1278713,4,4
licenciatura,12818,5,4
bacharelado,312818,3,3
licenciatura,117132,5,4
bacharelado,417132,4,4
licenciatura,1107032,4,4
licenciatura,12965,5,4
bacharelado,312965,5,4
licenciatura,13099,4,4
bacharelado,313099,4,4
bacharelado,13210,2,3
licenciatura,107508,3,3
licenciatura,1151167,2,3
licenciatura,13274,4,4
licenciatura,106064,4,4
bacharelado,313274,4,4
licenciatura,13406,4,4
bacharelado,313406,3,4
licenciatura,52231,3,3
bacharelado,52249,3,3
bacharelado,45030,4,4
licenciatura,45031,4,4
licenciatura,1278881,5,5
licenciatura,46588,4,4
bacharelado,1113727,4,5
licenciatura,13976,4,4
bacharelado,313976,4,4
licenciatura,14102,4,4
bacharelado,314102,3,3
licenciatura,14230,4,4
bacharelado,314230,3,4
licenciatura,14326,4,4
bacharelado,314326,5,4
bacharelado,1108033,4,4
licenciatura,1108035,4,4
licenciatura,1178742,3,4
licenciatura,114558,4,4
licenciatura,1122742,2,3
licenciatura,14992,3,3
bacharelado,113606,3,3
licenciatura,15411,3,3
bacharelado,1454616,2,3
licenciatura,15738,3,4
licenciatura,15844,2,3
licenciatura,15858,3,4
licenciatura,15864,2,3
bacharelado,315844,1,3
bacharelado,1128362,3,4
licenciatura,15994,1,3
bacharelado,315994,1,3
licenciatura,16267,1,3
licenciatura,1185732,4,3
bacharelado,16413,3,4
licenciatura,46710,3,4
licenciatura,16594,2,3
licenciatura,1149624,2,2
licenciatura,16684,3,3
licenciatura,85444,3,3
licenciatura,1151320,2,2
licenciatura,1189708,2,3
licenciatura,16898,2,3
bacharelado,118064,3,4
licenciatura,17195,3,3
bacharelado,317195,2,3
licenciatura,1270473,2,3
licenciatura,105780,2,3
licenciatura,150104,3,4
bacharelado,1313326,3,4
licenciatura,62380,2,3
licenciatura,105084,2,3
licenciatura,60934,4,4
licenciatura,52435,3,3
licenciatura,11162,4,4
licenciatura,43788,3,3
bacharelado,101628,3,3
licenciatura,1364469,4,4
licenciatura,1419627,3,3
licenciatura,1419776,4,4
licenciatura,1308687,3,3
licenciatura,1153463,4,4
licenciatura,101856,4,4
licenciatura,13407,3,4
licenciatura,120777,3,4
licenciatura,60637,2,3
licenciatura,60672,1,3
licenciatura,60986,2,3
licenciatura,112806,3,3
licenciatura,113279,3,4
licenciatura,17135,2,3
licenciatura,17139,2,3
bacharelado,317135,2,4
licenciatura,1321515,3,4
licenciatura,1313445,4,4
licenciatura,15854,3,4
bacharelado,1113052,5,5
licenciatura,1427407,2,3
licenciatura,98562,4,4
licenciatura,66899,2,3
licenciatura,103372,3,3
licenciatura,106093,2,3
licenciatura,1113373,2,3
bacharelado,150254,3,4
licenciatura,1313153,3,4
licenciatura,16186,3,4
licenciatura,12098,2,3
licenciatura,5000398,4,4
licenciatura,5000399,3,4
licenciatura,3645,2,3
licenciatura,8766,3,4
licenciatura,15720,3,3
bacharelado,308766,3,3
licenciatura,99022,3,4
bacharelado,399022,3,4
licenciatura,11887,2,3
licenciatura,14111,4,5
bacharelado,314111,2,3
licenciatura,14133,3,4
bacharelado,314133,2,3
licenciatura,24,3,3
licenciatura,1103710,3,4
bacharelado,33205,5,4
licenciatura,44369,5,4
licenciatura,122214,5,4
licenciatura,311,3,4
licenciatura,402,4,4
licenciatura,494,4,4
licenciatura,104018,3,4
licenciatura,592,4,4
bacharelado,300592,3,4
licenciatura,39024,4,4
bacharelado,339024,4,4
licenciatura,775,4,4
licenciatura,1034,3,4
bacharelado,20944,2,3
bacharelado,1446,3,4
licenciatura,120439,4,4
bacharelado,420439,3,4
licenciatura,5000371,4,4
licenciatura,19044,4,4
licenciatura,2199,5,4
licenciatura,2206,4,4
licenciatura,2213,3,4
licenciatura,83960,3,4
licenciatura,83968,2,3
licenciatura,83974,3,4
licenciatura,84856,3,4
licenciatura,91545,3,4
licenciatura,91805,3,4
licenciatura,92400,1,2
licenciatura,1271848,4,4
licenciatura,2540,4,4
bacharelado,302540,4,4
licenciatura,2623,4,4
licenciatura,21784,3,4
licenciatura,21788,2,3
licenciatura,21795,2,3
licenciatura,21797,1,3
licenciatura,21801,2,3
licenciatura,21805,3,3
licenciatura,21811,2,4
licenciatura,21814,3,3
licenciatura,21819,2,3
licenciatura,39244,2,4
licenciatura,41857,5,5
bacharelado,41858,5,4
licenciatura,3135,4,4
licenciatura,3172,4,4
bacharelado,303135,4,4
licenciatura,3399,4,4
licenciatura,5000547,2,2
licenciatura,3568,3,4
licenciatura,18405,3,3
licenciatura,3603,2,2
licenciatura,3612,2,2
licenciatura,3671,4,5
licenciatura,4092,3,4
licenciatura,48944,5,4
bacharelado,348944,4,4
licenciatura,7830,2,3
licenciatura,64600,2,4
licenciatura,8417,3,4
licenciatura,8423,3,4
licenciatura,8429,3,3
licenciatura,87483,3,3
licenciatura,11321,4,4
licenciatura,11329,3,4
bacharelado,311321,3,3
bacharelado,11430,2,5
licenciatura,311430,4,4
licenciatura,11539,3,4
bacharelado,100026,1,2
licenciatura,11603,3,3
licenciatura,11613,2,4
licenciatura,11889,2,3
licenciatura,11897,3,4
licenciatura,1427036,2,3
licenciatura,1427039,2,2
licenciatura,1442028,2,3
licenciatura,1518696,2,3
licenciatura,1518703,1,3
licenciatura,1518705,3,4
licenciatura,12324,4,4
licenciatura,12350,3,4
bacharelado,1083431,2,4
bacharelado,1113228,4,3
licenciatura,12577,5,5
bacharelado,123332,3,4
bacharelado,312577,5,5
licenciatura,12705,4,4
bacharelado,312705,4,4
licenciatura,1122208,4,4
bacharelado,1123212,3,3
licenciatura,12817,4,4
bacharelado,312817,3,4
licenciatura,96152,4,4
licenciatura,117130,4,4
licenciatura,12967,5,4
bacharelado,312967,5,4
licenciatura,13100,5,4
bacharelado,313100,4,4
bacharelado,13211,2,3
licenciatura,107512,3,4
licenciatura,1151148,2,3
licenciatura,13300,5,4
bacharelado,313300,3,2
licenciatura,13415,4,4
licenciatura,13579,5,4
bacharelado,313579,4,4
bacharelado,45038,4,4
licenciatura,45039,5,4
licenciatura,84427,5,4
bacharelado,1113732,4,4
licenciatura,13984,5,4
bacharelado,14112,3,3
licenciatura,314112,4,4
licenciatura,14231,5,4
bacharelado,314231,4,2
bacharelado,107716,4,4
licenciatura,14514,4,4
licenciatura,101278,5,4
bacharelado,401278,4,4
licenciatura,119914,4,4
licenciatura,1178743,4,4
licenciatura,114560,4,4
licenciatura,14993,4,3
bacharelado,113619,2,2
licenciatura,15349,3,3
licenciatura,15409,4,4
licenciatura,15737,3,4
bacharelado,20064,4,4
licenciatura,320064,5,4
licenciatura,15845,2,3
licenciatura,15849,3,4
licenciatura,15859,3,4
licenciatura,52121,4,4
licenciatura,52142,2,4
licenciatura,101300,2,4
licenciatura,15992,3,4
licenciatura,122758,3,3
licenciatura,16092,2,3
licenciatura,16266,2,3
licenciatura,16394,3,4
bacharelado,60540,3,3
licenciatura,16593,3,3
licenciatura,16683,4,4
licenciatura,43471,2,3
licenciatura,63459,2,3
licenciatura,71041,3,3
licenciatura,1151425,2,3
licenciatura,1151468,4,4
licenciatura,1151594,2,3
licenciatura,118568,3,3
licenciatura,17194,3,4
bacharelado,317194,1,2
licenciatura,1270474,1,3
licenciatura,109766,2,3
licenciatura,68265,1,3
licenciatura,7079,3,3
licenciatura,15199,4,4
licenciatura,50846,4,4
licenciatura,51008,4,3
licenciatura,11161,3,4
licenciatura,19329,3,4
licenciatura,1160947,4,4
licenciatura,123831,4,4
licenciatura,3499,3,3
licenciatura,13405,3,4
licenciatura,13449,3,4
licenciatura,60740,2,3
licenciatura,60762,2,3
licenciatura,17134,2,4
licenciatura,17138,3,4
licenciatura,115681,2,3
licenciatura,15855,3,4
licenciatura,98564,2,3
licenciatura,66903,2,3
licenciatura,103377,3,3
licenciatura,1103739,3,4
bacharelado,150255,4,4
licenciatura,1312227,4,4
licenciatura,16334,3,4
licenciatura,1382554,3,4
licenciatura,5000400,4,4
licenciatura,5000401,3,4
licenciatura,1272855,2,4
licenciatura,1272861,2,4
licenciatura,15721,4,4
licenciatura,16319,3,4
licenciatura,18316,4,4
licenciatura,1154403,4,4
licenciatura,1147553,4,4
bacharelado,1276399,4,3
licenciatura,11886,3,3
licenciatura,14128,4,4
bacharelado,314128,3,4
licenciatura,102092,2,3
licenciatura,25,3,4
licenciatura,29693,4,4
licenciatura,80886,3,4
licenciatura,27733,4,3
licenciatura,56030,4,4
licenciatura,103393,4,4
licenciatura,22947,4,4
licenciatura,22597,3,4
licenciatura,34669,3,4
licenciatura,66274,2,2
licenciatura,82810,2,3
licenciatura,83005,2,3
licenciatura,83039,3,3
licenciatura,83052,3,3
licenciatura,83156,2,3
licenciatura,83210,2,3
licenciatura,83280,3,3
licenciatura,113172,4,5
licenciatura,22173,4,4
licenciatura,22678,5,4
licenciatura,28989,4,4
licenciatura,22658,4,4
licenciatura,30580,3,3
licenciatura,31506,4,3
licenciatura,34009,3,3
licenciatura,32877,3,3
licenciatura,1421414,5,5
licenciatura,69626,2,2
licenciatura,69638,3,3
licenciatura,110996,2,2
licenciatura,28323,4,4
licenciatura,119048,3,3
licenciatura,119074,2,3
licenciatura,30397,3,3
licenciatura,113974,3,3
licenciatura,95652,2,3
licenciatura,114877,3,3
licenciatura,34277,5,4
licenciatura,49848,5,5
licenciatura,25926,4,4
licenciatura,116576,4,4
licenciatura,29475,4,4
licenciatura,107549,3,4
licenciatura,44977,5,4
licenciatura,84985,5,5
licenciatura,1128911,4,4
licenciatura,86446,4,4
licenciatura,51941,5,4
licenciatura,1341352,5,4
licenciatura,1270672,2,4
licenciatura,15415,3,3
licenciatura,20941,2,4
licenciatura,16592,3,3
licenciatura,25864,1,2
licenciatura,16678,3,3
licenciatura,18565,2,3
licenciatura,45304,3,3
licenciatura,31266,1,2
licenciatura,25784,4,4
licenciatura,43781,4,4
licenciatura,1162185,3,3
licenciatura,1150592,3,4
licenciatura,1151252,3,4
licenciatura,103358,3,3
licenciatura,106096,1,3
licenciatura,112332,1,2
licenciatura,112350,3,2
licenciatura,113880,1,2
licenciatura,1281070,3,4
licenciatura,51477,4,3
licenciatura,1185844,4,4
licenciatura,39212,3,4
licenciatura,101054,3,4
licenciatura,25903,3,3
licenciatura,25949,3,3
licenciatura,162,4,4
licenciatura,34644,5,4
licenciatura,44377,3,4
licenciatura,80877,3,3
licenciatura,95053,3,3
licenciatura,34646,3,3
licenciatura,32832,3,3
licenciatura,94086,3,3
licenciatura,593,4,4
licenciatura,32836,5,4
licenciatura,103380,4,4
licenciatura,1036,4,4
licenciatura,32844,4,4
licenciatura,27512,3,3
licenciatura,66263,3,3
licenciatura,121954,3,4
licenciatura,121962,3,4
licenciatura,82689,4,4
licenciatura,82795,2,3
licenciatura,82894,2,3
licenciatura,83034,4,4
licenciatura,83132,1,3
licenciatura,83137,3,3
licenciatura,83152,3,3
licenciatura,83155,2,3
licenciatura,83199,3,3
licenciatura,83226,2,3
licenciatura,83231,3,4
licenciatura,92444,2,3
licenciatura,47338,5,4
licenciatura,47339,5,4
licenciatura,3131,5,4
licenciatura,3171,4,2
licenciatura,34677,4,4
licenciatura,25205,3,3
licenciatura,31505,3,3
licenciatura,32162,2,3
licenciatura,1208951,2,3
licenciatura,3611,2,2
licenciatura,29140,3,3
licenciatura,4195,5,4
licenciatura,69628,3,3
licenciatura,69634,3,3
licenciatura,86388,2,3
licenciatura,92591,3,3
licenciatura,1300165,2,2
licenciatura,8428,3,4
licenciatura,11326,3,4
licenciatura,25785,4,4
licenciatura,1313223,3,4
licenciatura,119046,4,4
licenciatura,119072,3,3
licenciatura,25789,2,3
licenciatura,32097,3,3
licenciatura,82619,2,3
licenciatura,113958,3,3
licenciatura,21611,2,2
licenciatura,25793,2,3
licenciatura,86364,4,3
licenciatura,90697,2,3
licenciatura,94520,2,2
licenciatura,105052,2,2
licenciatura,105191,2,2
licenciatura,121411,2,2
licenciatura,121700,1,2
licenciatura,121745,2,3
licenciatura,121746,2,3
licenciatura,1350703,1,2
licenciatura,114876,2,3
licenciatura,115013,2,3
licenciatura,31160,5,4
licenciatura,110830,4,4
licenciatura,111326,4,4
licenciatura,123220,3,4
licenciatura,29470,5,4
licenciatura,116578,4,4
licenciatura,118120,3,3
licenciatura,118124,4,4
licenciatura,12968,5,4
licenciatura,31171,3,4
licenciatura,1151147,3,3
licenciatura,1151780,3,3
licenciatura,13297,5,4
licenciatura,117076,5,4
licenciatura,107548,4,4
licenciatura,5000898,3,4
licenciatura,44947,4,3
licenciatura,84992,5,5
licenciatura,29489,5,4
licenciatura,44485,4,4
licenciatura,51945,4,4
licenciatura,1114224,4,4
licenciatura,1341351,5,4
licenciatura,1383125,4,4
licenciatura,1103087,4,4
licenciatura,1168401,4,4
licenciatura,1102208,3,3
licenciatura,15402,3,3
licenciatura,15740,3,3
licenciatura,31206,4,4
licenciatura,1101760,5,4
licenciatura,29511,2,3
licenciatura,101309,2,3
licenciatura,16003,1,2
licenciatura,16004,3,4
licenciatura,28509,2,4
licenciatura,1327340,2,3
licenciatura,16264,2,3
licenciatura,16274,1,3
licenciatura,17056,2,3
licenciatura,1481722,2,3
licenciatura,30401,3,3
licenciatura,1327519,2,3
licenciatura,1327523,1,2
licenciatura,16682,3,3
licenciatura,18561,4,4
licenciatura,18562,2,3
licenciatura,18563,3,4
licenciatura,71105,2,2
licenciatura,85226,2,3
licenciatura,1151599,2,2
licenciatura,1189699,3,3
licenciatura,22532,2,3
licenciatura,1321326,3,3
licenciatura,11138,3,3
licenciatura,1259974,4,4
licenciatura,25783,3,4
licenciatura,43778,4,4
licenciatura,1180209,3,3
licenciatura,1127926,4,4
licenciatura,1365444,4,4
licenciatura,1188380,5,4
licenciatura,1419616,4,4
licenciatura,1312986,3,3
licenciatura,3495,2,2
licenciatura,1158116,3,3
licenciatura,1160083,3,3
licenciatura,1161927,3,3
licenciatura,60624,3,4
licenciatura,82661,3,3
licenciatura,91311,1,2
licenciatura,91323,2,3
licenciatura,1330232,4,4
licenciatura,27713,2,3
licenciatura,1151612,2,4
licenciatura,34838,3,4
licenciatura,1178650,4,3
licenciatura,98560,3,3
licenciatura,18944,2,3
licenciatura,103363,3,3
licenciatura,106092,2,3
licenciatura,112330,1,2
licenciatura,112338,1,3
licenciatura,123405,4,4
licenciatura,1147020,3,2
licenciatura,1280246,4,4
licenciatura,114858,3,3
licenciatura,1168550,3,4
licenciatura,1270465,2,3
licenciatura,1270327,2,3
licenciatura,51476,2,3
licenciatura,1266787,4,4
licenciatura,42973,3,3
licenciatura,120746,3,3
licenciatura,22468,3,4
licenciatura,14126,3,4
licenciatura,26025,3,3
licenciatura,99426,3,4
licenciatura,101606,1,3
licenciatura,29672,5,4
licenciatura,1190583,3,4
licenciatura,1052,3,3
licenciatura,22178,5,5
licenciatura,1146513,4,4
licenciatura,1321965,3,3
licenciatura,1342673,2,3
licenciatura,22400,3,4
licenciatura,94286,5,4
licenciatura,86360,2,2
licenciatura,121749,3,3
licenciatura,116574,3,3
licenciatura,27263,4,4
licenciatura,1114225,4,4
licenciatura,118382,3,3
licenciatura,1103085,4,4
licenciatura,1178747,3,3
licenciatura,96761,4,4
licenciatura,1370467,3,4
licenciatura,1102186,3,3
licenciatura,1576625,3,3
licenciatura,28743,4,3
licenciatura,52070,1,3
licenciatura,110748,2,3
licenciatura,122174,2,3
licenciatura,85542,3,4
licenciatura,31230,3,4
licenciatura,1313148,2,3
licenciatura,89022,1,3
licenciatura,150105,2,3
licenciatura,1375236,3,3
licenciatura,1188383,3,3
licenciatura,1420258,2,3
licenciatura,104298,2,3
licenciatura,1313254,3,4
licenciatura,1155725,2,3
licenciatura,5000404,3,4
licenciatura,5000405,3,4
licenciatura,5000406,3,4
licenciatura,70985,2,3
licenciatura,22118,4,4
licenciatura,80896,4,4
licenciatura,101641,2,3
licenciatura,31302,5,4
licenciatura,32834,4,4
licenciatura,1046,4,4
licenciatura,21796,2,3
licenciatura,21899,3,3
licenciatura,22418,2,3
licenciatura,25791,3,4
licenciatura,25792,3,4
licenciatura,29278,2,3
licenciatura,31234,2,3
licenciatura,32987,2,3
licenciatura,33054,2,3
licenciatura,44052,1,2
licenciatura,60520,2,3
licenciatura,64302,2,2
licenciatura,120725,2,3
licenciatura,108090,3,3
licenciatura,3601,1,2
licenciatura,34683,4,3
licenciatura,8424,3,4
licenciatura,1342674,3,3
licenciatura,11324,4,4
licenciatura,94283,4,4
licenciatura,32990,3,3
licenciatura,81821,3,4
licenciatura,121748,2,3
licenciatura,92255,5,4
licenciatura,33013,5,4
licenciatura,1114229,5,4
licenciatura,118478,3,4
licenciatura,112568,5,4
licenciatura,112572,3,4
licenciatura,1103082,5,4
licenciatura,1120591,4,4
licenciatura,1178746,4,3
licenciatura,96759,4,4
licenciatura,1304099,4,4
licenciatura,1102188,4,3
licenciatura,31198,4,4
licenciatura,29510,3,3
licenciatura,22508,4,4
licenciatura,26668,3,4
licenciatura,27696,3,3
licenciatura,29512,3,4
licenciatura,16270,3,3
licenciatura,16273,2,3
licenciatura,85536,4,4
licenciatura,42068,2,2
licenciatura,70652,2,4
licenciatura,53534,4,3
licenciatura,89018,2,3
licenciatura,89024,2,2
licenciatura,89029,2,3
licenciatura,150106,3,3
licenciatura,7077,2,2
licenciatura,64026,3,3
licenciatura,103600,4,3
licenciatura,1335611,4,3
licenciatura,1335739,3,3
licenciatura,1377547,3,3
licenciatura,1405659,3,3
licenciatura,1366970,4,4
licenciatura,1400668,4,4
licenciatura,29513,3,4
licenciatura,29422,2,3
licenciatura,16183,3,4
licenciatura,16338,4,3
licenciatura,1190137,3,3
licenciatura,3643,4,4
licenciatura,8767,3,3
licenciatura,31205,3,4
licenciatura,29456,3,3
licenciatura,14120,4,4
licenciatura,118470,3,4
licenciatura,26,3,3
licenciatura,18354,2,3
licenciatura,100775,3,4
licenciatura,161,4,4
licenciatura,44372,4,3
licenciatura,297,3,4
licenciatura,95055,3,3
licenciatura,379,3,3
licenciatura,102588,2,3
licenciatura,300520,3,3
licenciatura,18877,5,5
licenciatura,624,4,3
licenciatura,637,4,4
licenciatura,115086,5,4
licenciatura,696,4,4
licenciatura,122358,4,4
licenciatura,768,4,4
licenciatura,1035,3,4
licenciatura,1428,4,4
licenciatura,102944,3,4
licenciatura,41490,4,4
licenciatura,19077,3,3
licenciatura,58522,3,3
licenciatura,58526,3,3
licenciatura,58588,3,4
licenciatura,83289,3,3
licenciatura,83302,3,3
licenciatura,83312,2,3
licenciatura,83318,2,3
licenciatura,83330,3,3
licenciatura,92391,3,4
licenciatura,113295,5,4
licenciatura,21808,4,5
licenciatura,21822,2,3
licenciatura,21869,4,4
licenciatura,21876,2,3
licenciatura,21879,2,2
licenciatura,21884,1,2
licenciatura,21892,2,2
licenciatura,21897,2,3
licenciatura,45102,2,2
licenciatura,47333,3,3
licenciatura,2711,4,4
licenciatura,41766,5,5
licenciatura,3145,4,4
licenciatura,3163,4,4
licenciatura,3179,3,4
licenciatura,3217,4,4
licenciatura,60290,4,4
licenciatura,71419,4,4
licenciatura,3407,4,4
licenciatura,3571,2,3
licenciatura,100373,2,3
licenciatura,85760,1,2
licenciatura,3615,2,2
licenciatura,1179877,2,3
licenciatura,48946,3,4
licenciatura,18892,4,4
licenciatura,64604,3,3
licenciatura,59272,3,3
licenciatura,59426,3,3
licenciatura,59996,4,4
licenciatura,11305,3,3
licenciatura,11328,3,4
licenciatura,70522,3,3
licenciatura,11439,3,3
licenciatura,11540,3,4
licenciatura,11591,3,3
licenciatura,113953,3,3
licenciatura,1182640,2,3
licenciatura,81423,3,3
licenciatura,81812,2,3
licenciatura,1153298,2,3
licenciatura,1350689,3,2
licenciatura,1427035,2,3
licenciatura,1442003,2,3
licenciatura,1442009,2,2
licenciatura,1442020,3,3
licenciatura,1442024,2,3
licenciatura,1442027,2,3
licenciatura,1457192,2,3
licenciatura,12044,2,3
licenciatura,12354,3,4
licenciatura,312333,4,4
licenciatura,12553,4,4
licenciatura,1330366,2,4
licenciatura,1330369,3,4
licenciatura,1330372,4,4
licenciatura,12702,4,4
licenciatura,12713,3,3
licenciatura,12806,4,4
licenciatura,116856,4,4
licenciatura,116882,4,4
licenciatura,12918,4,4
licenciatura,96158,3,4
licenciatura,12969,5,4
licenciatura,13102,5,5
licenciatura,1166038,4,4
licenciatura,102152,2,3
licenciatura,107520,3,3
licenciatura,13276,5,4
licenciatura,117052,4,4
licenciatura,13402,3,3
licenciatura,99045,2,3
licenciatura,13619,3,3
licenciatura,118100,3,4
licenciatura,13741,4,4
licenciatura,13873,3,4
licenciatura,41069,2,3
licenciatura,38246,3,3
licenciatura,1131697,4,4
licenciatura,1304557,4,4
licenciatura,14233,4,4
licenciatura,1270371,5,5
licenciatura,14328,4,4
licenciatura,14505,4,4
licenciatura,14542,4,4
licenciatura,1127676,2,4
licenciatura,1128169,5,4
licenciatura,1152637,4,4
licenciatura,101556,3,4
licenciatura,96955,5,4
licenciatura,100916,3,4
licenciatura,114556,4,4
licenciatura,120389,4,4
licenciatura,100808,3,4
licenciatura,123519,2,3
licenciatura,1122743,3,4
licenciatura,1161404,3,3
licenciatura,21443,3,4
licenciatura,1103914,2,3
licenciatura,1188419,2,3
licenciatura,1327336,2,3
licenciatura,116144,4,4
licenciatura,1126144,4,4
licenciatura,1156565,3,4
licenciatura,1264321,4,5
licenciatura,15000,3,3
licenciatura,122746,3,3
licenciatura,15413,3,3
licenciatura,1258814,1,2
licenciatura,20578,4,4
licenciatura,38678,3,3
licenciatura,1101770,5,4
licenciatura,15833,3,4
licenciatura,15862,2,3
licenciatura,15865,3,4
licenciatura,18382,3,3
licenciatura,52139,2,3
licenciatura,121792,2,4
licenciatura,16009,2,3
licenciatura,16010,3,4
licenciatura,104400,1,3
licenciatura,16268,2,3
licenciatura,16272,2,3
licenciatura,43037,2,3
licenciatura,16403,4,4
licenciatura,1155366,3,3
licenciatura,1327524,2,2
licenciatura,111982,1,2
licenciatura,20392,3,3
licenciatura,71037,2,2
licenciatura,118564,3,3
licenciatura,17196,2,3
licenciatura,109768,2,2
licenciatura,21578,4,4
licenciatura,45701,2,3
licenciatura,45703,2,3
licenciatura,68313,2,3
licenciatura,7081,3,3
licenciatura,20854,2,3
licenciatura,39715,4,4
licenciatura,68511,3,3
licenciatura,123787,2,3
licenciatura,1123270,3,4
licenciatura,1184450,3,3
licenciatura,52442,3,3
licenciatura,11163,3,4
licenciatura,103572,4,4
licenciatura,1128030,3,3
licenciatura,1128096,3,3
licenciatura,21105,2,2
licenciatura,1102963,3,3
licenciatura,63383,4,3
licenciatura,84374,3,3
licenciatura,85320,2,3
licenciatura,1160979,3,3
licenciatura,1442119,3,3
licenciatura,5000138,2,3
licenciatura,108730,4,4
licenciatura,1103657,4,4
licenciatura,100690,2,3
licenciatura,113490,4,4
licenciatura,122122,3,4
licenciatura,1128360,4,4
licenciatura,1128375,4,4
licenciatura,1128378,4,4
licenciatura,1129073,3,3
licenciatura,1181042,3,3
licenciatura,1333201,4,4
licenciatura,1340989,4,4
licenciatura,1341347,4,4
licenciatura,1366967,5,5
licenciatura,1420637,4,4
licenciatura,1103461,3,4
licenciatura,1321332,3,4
licenciatura,5000493,2,3
licenciatura,63062,3,3
licenciatura,83929,3,3
licenciatura,1103813,3,3
licenciatura,1103910,2,3
licenciatura,1103911,2,3
licenciatura,1103912,2,3
licenciatura,1127113,2,2
licenciatura,1341230,3,3
licenciatura,18969,3,3
licenciatura,13448,4,4
licenciatura,99806,3,4
licenciatura,1152880,3,4
licenciatura,1103556,2,3
licenciatura,102430,4,4
licenciatura,121013,3,3
licenciatura,1153801,3,4
licenciatura,114388,2,3
licenciatura,1160424,3,3
licenciatura,1387235,2,3
licenciatura,60760,2,3
licenciatura,61024,1,3
licenciatura,61669,2,3
licenciatura,82658,3,3
licenciatura,96913,3,4
licenciatura,1152312,2,3
licenciatura,99503,3,3
licenciatura,1102641,2,3
licenciatura,116820,4,4
licenciatura,1142320,4,4
licenciatura,113589,2,3
licenciatura,1414995,4,4
licenciatura,17154,2,3
licenciatura,1105218,2,3
licenciatura,1103185,3,4
licenciatura,1128936,2,3
licenciatura,1128938,4,4
licenciatura,1168573,2,3
licenciatura,1117203,3,3
licenciatura,1313355,3,3
licenciatura,1313360,3,4
licenciatura,1349112,4,3
licenciatura,100412,3,4
licenciatura,15868,2,3
licenciatura,1182765,2,2
licenciatura,1292902,2,3
licenciatura,123494,2,3
licenciatura,1106721,2,3
licenciatura,1102402,5,5
licenciatura,1102795,3,4
licenciatura,1103025,4,4
licenciatura,1103031,2,3
licenciatura,1103032,4,4
licenciatura,98558,2,3
licenciatura,103381,2,2
licenciatura,104814,2,3
licenciatura,104282,3,4
licenciatura,5000912,2,4
licenciatura,1330384,3,3
licenciatura,1312211,5,5
licenciatura,55811,4,4
licenciatura,80827,2,3
licenciatura,1260434,5,4
licenciatura,1292767,3,4
licenciatura,1399848,3,3
licenciatura,5000487,2,3
licenciatura,5001337,2,3
licenciatura,1270326,2,3
licenciatura,18959,2,3
licenciatura,18961,3,4
licenciatura,43084,2,3
licenciatura,46729,3,3
licenciatura,1156623,3,3
licenciatura,1111510,3,4
licenciatura,1284904,3,4
licenciatura,1332695,2,3
licenciatura,14121,3,4
licenciatura,102576,2,3
licenciatura,18954,4,5
licenciatura,34,2,3
licenciatura,94331,2,3
licenciatura,133,3,3
licenciatura,122220,3,3
licenciatura,99425,1,3
licenciatura,62486,3,3
licenciatura,1105124,3,3
licenciatura,21158,2,3
licenciatura,81283,4,4
licenciatura,780,4,5
licenciatura,1444,4,4
licenciatura,2194,3,3
licenciatura,92200,5,4
licenciatura,92175,5,4
licenciatura,94758,5,4
licenciatura,72419,3,3
licenciatura,1212035,2,3
licenciatura,96675,3,4
licenciatura,92595,3,3
licenciatura,94595,2,2
licenciatura,105438,2,3
licenciatura,100024,1,2
licenciatura,95462,2,2
licenciatura,18395,2,3
licenciatura,41135,4,3
licenciatura,21604,3,3
licenciatura,12977,4,4
licenciatura,1278855,3,4
licenciatura,24864,2,3
licenciatura,13293,3,4
licenciatura,97039,3,3
licenciatura,13604,2,3
licenciatura,45068,4,4
licenciatura,41072,4,4
licenciatura,100021,4,4
licenciatura,150099,3,3
licenciatura,1110646,4,3
licenciatura,1111226,4,4
licenciatura,1113067,3,3
licenciatura,85786,4,3
licenciatura,31979,4,3
licenciatura,1158384,3,3
licenciatura,15790,3,4
licenciatura,59103,3,4
licenciatura,123553,2,2
licenciatura,63890,3,3
licenciatura,1259131,3,4
licenciatura,55026,3,2
licenciatura,95043,2,2
licenciatura,1349405,3,3
licenciatura,1153094,2,2
licenciatura,1192191,2,3
licenciatura,118630,2,3
licenciatura,1147330,2,3
licenciatura,60845,1,2
licenciatura,5001292,3,4
licenciatura,86712,2,3
licenciatura,1168164,3,3
licenciatura,1354319,3,3
licenciatura,11779,3,4
licenciatura,70538,1,2
licenciatura,150097,3,3
licenciatura,6,5,4
licenciatura,150,5,4
licenciatura,163,4,4
licenciatura,315,4,4
licenciatura,95057,3,4
licenciatura,381,4,4
licenciatura,101614,1,3
licenciatura,101639,3,3
licenciatura,112100,3,3
licenciatura,33221,4,4
licenciatura,73192,4,4
licenciatura,116642,3,3
licenciatura,112606,4,4
licenciatura,115076,5,4
licenciatura,115558,5,4
licenciatura,697,5,4
licenciatura,92260,4,4
licenciatura,111450,4,4
licenciatura,1435,4,4
licenciatura,103018,3,4
licenciatura,2110,4,3
licenciatura,2204,4,4
licenciatura,2208,3,4
licenciatura,2211,3,3
licenciatura,2212,4,3
licenciatura,2215,4,4
licenciatura,2216,4,4
licenciatura,2221,4,3
licenciatura,83344,4,4
licenciatura,83353,3,3
licenciatura,83356,3,3
licenciatura,83358,3,3
licenciatura,83392,3,4
licenciatura,83394,3,3
licenciatura,83402,4,4
licenciatura,83404,3,3
licenciatura,83411,3,3
licenciatura,83415,3,3
licenciatura,1343136,3,3
licenciatura,2529,4,3
licenciatura,2626,3,4
licenciatura,21799,2,3
licenciatura,21824,3,3
licenciatura,21873,2,2
licenciatura,21874,3,3
licenciatura,21875,3,3
licenciatura,21880,3,3
licenciatura,21885,3,3
licenciatura,21895,3,4
licenciatura,39238,2,2
licenciatura,39269,2,3
licenciatura,39300,2,2
licenciatura,39393,2,3
licenciatura,60420,2,2
licenciatura,1149137,2,2
licenciatura,1430478,3,3
licenciatura,1430649,3,3
licenciatura,1431238,3,3
licenciatura,1431245,3,3
licenciatura,2700,5,4
licenciatura,2716,5,3
licenciatura,3132,4,4
licenciatura,3166,4,4
licenciatura,3209,5,4
licenciatura,3214,4,4
licenciatura,61074,5,4
licenciatura,73449,5,5
licenciatura,3397,3,4
licenciatura,3416,4,4
licenciatura,3561,4,4
licenciatura,18410,4,3
licenciatura,18414,4,4
licenciatura,18417,4,4
licenciatura,1178271,2,2
licenciatura,1160932,2,3
licenciatura,3622,2,2
licenciatura,3664,5,5
licenciatura,4090,3,3
licenciatura,4196,4,4
licenciatura,110846,4,4
licenciatura,110854,3,3
licenciatura,110860,3,3
licenciatura,110870,3,3
licenciatura,110876,2,3
licenciatura,110882,4,3
licenciatura,110888,3,3
licenciatura,110900,3,3
licenciatura,8425,3,4
licenciatura,8439,3,3
licenciatura,103494,3,4
licenciatura,112262,3,3
licenciatura,11314,3,4
licenciatura,19565,3,4
licenciatura,83160,4,4
licenciatura,11432,4,4
licenciatura,11449,3,4
licenciatura,11456,3,3
licenciatura,11535,4,4
licenciatura,11548,3,3
licenciatura,11605,4,3
licenciatura,114099,3,3
licenciatura,11885,3,3
licenciatura,11893,3,3
licenciatura,19733,3,3
licenciatura,81640,3,4
licenciatura,94821,3,3
licenciatura,1404084,3,3
licenciatura,1404086,3,3
licenciatura,12048,3,3
licenciatura,12111,3,4
licenciatura,12353,4,4
licenciatura,20938,5,4
licenciatura,12557,5,4
licenciatura,12690,4,4
licenciatura,12717,4,4
licenciatura,123704,3,4
licenciatura,12819,4,4
licenciatura,1278626,3,4
licenciatura,96483,5,4
licenciatura,97018,5,4
licenciatura,12973,5,4
licenciatura,13105,5,4
licenciatura,13213,4,4
licenciatura,1151166,3,3
licenciatura,1151779,3,4
licenciatura,13298,5,4
licenciatura,13418,4,4
licenciatura,107356,3,4
licenciatura,109626,4,4
licenciatura,122924,3,4
licenciatura,13580,5,4
licenciatura,101092,5,4
licenciatura,13729,5,4
licenciatura,117717,4,4
licenciatura,121286,4,4
licenciatura,13967,5,4
licenciatura,38273,3,4
licenciatura,21992,4,4
licenciatura,14237,3,3
licenciatura,14349,5,4
licenciatura,91975,4,4
licenciatura,1383124,4,4
licenciatura,101280,4,4
licenciatura,1314420,4,4
licenciatura,96953,4,4
licenciatura,1178745,3,3
licenciatura,1118531,3,3
licenciatura,109890,4,4
licenciatura,14987,4,3
licenciatura,113783,3,3
licenciatura,64854,3,4
licenciatura,15412,4,4
licenciatura,19039,4,4
licenciatura,19040,3,4
licenciatura,19041,3,3
licenciatura,15785,5,4
licenciatura,1128934,5,4
licenciatura,15842,4,4
licenciatura,15851,3,4
licenciatura,15861,3,4
licenciatura,18383,2,3
licenciatura,121798,3,4
licenciatura,1270651,3,4
licenciatura,1292684,4,4
licenciatura,16002,3,3
licenciatura,16007,3,3
licenciatura,43743,2,3
licenciatura,44076,2,4
licenciatura,62083,3,4
licenciatura,116782,2,3
licenciatura,114157,2,3
licenciatura,16265,2,3
licenciatura,16271,3,3
licenciatura,80922,2,2
licenciatura,1404585,1,2
licenciatura,16392,5,4
licenciatura,16581,2,3
licenciatura,16590,3,3
licenciatura,50891,2,2
licenciatura,16655,2,2
licenciatura,16676,4,3
licenciatura,16689,2,2
licenciatura,20387,3,3
licenciatura,43229,2,3
licenciatura,43242,2,3
licenciatura,43463,4,3
licenciatura,84880,4,3
licenciatura,85260,3,4
licenciatura,85276,3,3
licenciatura,85380,3,3
licenciatura,16902,3,4
licenciatura,17098,3,4
licenciatura,1313149,2,3
licenciatura,17199,4,4
licenciatura,1270476,2,3
licenciatura,1321319,3,3
licenciatura,41798,2,3
licenciatura,109893,3,3
licenciatura,101986,4,4
licenciatura,113052,4,4
licenciatura,113054,2,3
licenciatura,113056,3,4
licenciatura,113058,3,4
licenciatura,2675,4,3
licenciatura,7078,3,3
licenciatura,11140,3,3
licenciatura,56134,4,3
licenciatura,70732,4,4
licenciatura,89269,3,3
licenciatura,105352,3,3
licenciatura,106732,3,3
licenciatura,108586,2,3
licenciatura,113311,3,3
licenciatura,1155387,3,3
licenciatura,101662,3,4
licenciatura,101751,4,4
licenciatura,101762,4,4
licenciatura,101766,3,4
licenciatura,108262,3,4
licenciatura,19823,2,2
licenciatura,20309,2,3
licenciatura,1319230,3,3
licenciatura,1366964,4,4
licenciatura,1375237,4,4
licenciatura,1376267,4,4
licenciatura,1420646,4,4
licenciatura,1314351,4,4
licenciatura,1321331,3,3
licenciatura,3497,2,2
licenciatura,50916,4,3
licenciatura,13410,4,4
licenciatura,13452,5,4
licenciatura,1378999,2,4
licenciatura,113799,4,4
licenciatura,113801,3,3
licenciatura,121315,2,3
licenciatura,121317,2,3
licenciatura,1404254,4,4
licenciatura,66917,2,3
licenciatura,66920,4,4
licenciatura,66926,2,3
licenciatura,66929,4,4
licenciatura,150122,3,4
licenciatura,1188184,3,4
licenciatura,17142,2,4
licenciatura,17144,2,4
licenciatura,40808,3,4
licenciatura,49687,3,3
licenciatura,112674,2,3
licenciatura,100547,2,3
licenciatura,17079,1,3
licenciatura,1136373,3,3
licenciatura,15857,3,4
licenciatura,96874,3,3
licenciatura,1152082,2,3
licenciatura,1125934,3,4
licenciatura,1179300,4,4
licenciatura,1307282,4,4
licenciatura,1330648,4,4
licenciatura,1419858,2,3
licenciatura,1150372,2,2
licenciatura,1153477,4,4
licenciatura,98556,3,3
licenciatura,9979,3,4
licenciatura,18947,3,3
licenciatura,85688,3,3
licenciatura,104292,4,4
licenciatura,1147178,5,4
licenciatura,122404,3,4
licenciatura,1379291,4,4
licenciatura,8973,2,3
licenciatura,16185,3,3
licenciatura,16336,4,4
licenciatura,12040,4,4
licenciatura,1395909,3,4
licenciatura,5000402,4,4
licenciatura,5000403,4,4
licenciatura,1272856,3,4
licenciatura,1272863,4,4
licenciatura,1483835,4,3
licenciatura,3644,3,4
licenciatura,8765,4,3
licenciatura,15719,4,4
licenciatura,71002,3,3
licenciatura,95213,3,4
licenciatura,1185841,4,4
licenciatura,94307,3,3
licenciatura,14122,3,4
licenciatura,91969,4,4
licenciatura,104156,4,4
licenciatura,14090,3,4
licenciatura,23,4,4
licenciatura,106050,2,3
licenciatura,1103711,3,4
bacharelado,1103712,2,3
licenciatura,159,4,4
bacharelado,300118,4,4
bacharelado,322,2,3
licenciatura,20782,3,4
licenciatura,95059,2,4
licenciatura,382,3,4
bacharelado,1106983,3,4
bacharelado,519,3,3
licenciatura,1105828,3,3
licenciatura,112592,4,5
licenciatura,45111,4,4
licenciatura,115092,4,4
licenciatura,115098,4,4
bacharelado,300625,4,4
licenciatura,700,4,4
licenciatura,122360,5,5
bacharelado,300700,3,4
bacharelado,1134829,3,4
bacharelado,769,4,5
licenciatura,42574,3,4
licenciatura,18889,5,5
bacharelado,1103531,3,4
licenciatura,1429,3,4
licenciatura,103027,2,4
bacharelado,111386,2,4
licenciatura,20237,3,4
bacharelado,150310,2,3
licenciatura,19081,3,3
licenciatura,58520,2,4
licenciatura,58590,2,3
licenciatura,59268,2,3
licenciatura,66305,2,3
licenciatura,114180,2,3
licenciatura,83966,4,4
licenciatura,1147485,4,4
licenciatura,34592,2,3
licenciatura,35095,3,4
bacharelado,47340,4,4
licenciatura,47345,4,3
bacharelado,3150,4,4
licenciatura,60384,4,4
licenciatura,60604,4,4
licenciatura,66993,3,4
bacharelado,67143,3,4
licenciatura,1212262,3,4
bacharelado,3406,3,4
licenciatura,99368,3,4
licenciatura,3573,4,4
licenciatura,3674,3,3
bacharelado,303674,2,4
licenciatura,19493,2,4
bacharelado,1179878,2,4
licenciatura,66727,4,4
bacharelado,122298,3,3
licenciatura,11308,3,4
licenciatura,11443,2,3
bacharelado,311443,2,3
licenciatura,81520,3,3
licenciatura,11592,2,3
licenciatura,81294,2,3
licenciatura,103414,2,3
bacharelado,12335,4,4
licenciatura,312335,4,4
licenciatura,12555,5,4
bacharelado,312555,4,4
licenciatura,1330370,2,3
licenciatura,1330373,3,4
licenciatura,12700,5,4
bacharelado,312700,5,5
bacharelado,1100002,3,4
licenciatura,1100003,4,4
bacharelado,12835,4,4
licenciatura,116862,3,4
licenciatura,116884,3,4
licenciatura,1112909,4,4
licenciatura,43967,4,4
bacharelado,343967,3,4
licenciatura,12975,5,5
bacharelado,312975,5,5
licenciatura,13106,4,4
bacharelado,313106,4,4
licenciatura,1166039,3,4
bacharelado,13218,3,4
licenciatura,102156,3,4
licenciatura,107516,2,3
licenciatura,13278,4,4
licenciatura,117058,4,4
bacharelado,313278,3,4
licenciatura,13404,3,4
bacharelado,313404,3,4
licenciatura,1161324,2,3
bacharelado,5000897,2,3
bacharelado,13591,4,4
licenciatura,13618,3,4
licenciatura,118098,3,4
licenciatura,13742,4,5
bacharelado,45080,4,4
licenciatura,13874,4,5
bacharelado,103349,3,5
licenciatura,38217,3,4
bacharelado,99567,3,4
bacharelado,314118,3,4
licenciatura,1113070,4,4
licenciatura,116536,5,5
bacharelado,314239,5,5
licenciatura,1270372,5,5
bacharelado,14332,5,4
licenciatura,45204,4,4
licenciatura,120924,5,4
bacharelado,1125887,4,4
bacharelado,1125889,3,4
licenciatura,14511,3,4
licenciatura,101800,3,4
bacharelado,409604,2,3
licenciatura,1126431,3,4
licenciatura,1128054,2,4
licenciatura,1152564,3,4
licenciatura,1161562,3,4
licenciatura,1164183,3,4
bacharelado,101064,4,4
licenciatura,63840,4,4
bacharelado,1102560,3,4
bacharelado,64794,2,4
licenciatura,105674,3,4
licenciatura,100906,2,3
licenciatura,114552,3,4
licenciatura,1285020,3,4
bacharelado,1165075,2,3
licenciatura,1165078,3,4
licenciatura,1122746,4,4
licenciatura,1123044,3,3
licenciatura,62682,2,3
licenciatura,1103315,2,3
licenciatura,1103319,2,3
licenciatura,1103919,2,3
licenciatura,1166780,2,3
licenciatura,1168588,3,3
licenciatura,1304097,3,4
bacharelado,101535,2,3
licenciatura,101892,3,3
licenciatura,1157240,3,3
licenciatura,20577,2,3
licenciatura,83323,3,4
bacharelado,91749,2,4
licenciatura,15834,3,4
licenciatura,58082,2,3
bacharelado,1321484,3,4
licenciatura,16414,2,3
bacharelado,63894,3,4
licenciatura,1430231,3,3
licenciatura,19083,2,3
licenciatura,1189711,2,3
licenciatura,16896,2,3
licenciatura,1321321,2,3
licenciatura,21580,4,4
licenciatura,50935,4,4
licenciatura,51044,2,3
licenciatura,18895,2,3
licenciatura,89255,3,3
licenciatura,113365,2,3
licenciatura,123764,2,3
licenciatura,123780,2,3
licenciatura,123789,2,3
licenciatura,123791,2,3
licenciatura,1158924,5,5
licenciatura,11171,3,4
bacharelado,311171,3,4
licenciatura,81312,3,4
licenciatura,123233,2,3
licenciatura,109618,3,4
licenciatura,1105116,3,4
licenciatura,1126893,2,3
licenciatura,1128095,2,3
licenciatura,1126724,2,4
licenciatura,120078,3,3
licenciatura,120084,3,3
licenciatura,1335623,2,3
licenciatura,1364464,3,3
licenciatura,1399536,2,3
licenciatura,1403609,3,3
licenciatura,5000146,2,3
licenciatura,1117076,3,4
licenciatura,1127927,3,4
licenciatura,1126881,3,3
licenciatura,1127374,2,2
licenciatura,1128010,2,3
licenciatura,113202,3,4
licenciatura,1103688,4,4
licenciatura,1168212,3,4
licenciatura,1313171,4,4
licenciatura,1313172,3,4
licenciatura,1313173,4,3
licenciatura,1330118,4,4
licenciatura,1374756,4,4
licenciatura,1377538,3,4
licenciatura,108434,2,3
licenciatura,121135,2,3
licenciatura,121451,2,3
licenciatura,1128549,3,4
licenciatura,1129597,2,4
licenciatura,71553,2,3
licenciatura,63059,3,3
licenciatura,1103371,2,3
licenciatura,1103854,2,3
licenciatura,1341227,2,3
licenciatura,1341231,3,3
licenciatura,99808,2,4
licenciatura,1152881,2,3
licenciatura,5000568,2,3
licenciatura,101996,2,3
licenciatura,1104480,2,3
licenciatura,1126912,3,3
licenciatura,1102978,4,4
licenciatura,1338270,3,3
licenciatura,67249,4,4
licenciatura,121016,4,4
bacharelado,1153800,3,3
licenciatura,1160759,1,2
licenciatura,1368260,1,2
licenciatura,118016,3,4
licenciatura,60756,1,3
licenciatura,60768,2,3
licenciatura,1102012,2,4
licenciatura,1102644,3,4
licenciatura,1103487,3,4
licenciatura,1100880,2,4
licenciatura,1103163,2,4
licenciatura,1128937,2,4
licenciatura,1128939,2,3
licenciatura,1313065,2,3
licenciatura,122138,3,4
bacharelado,95769,2,3
licenciatura,1174684,2,3
licenciatura,1137369,2,3
bacharelado,1102344,4,4
licenciatura,1102400,5,5
licenciatura,1125948,3,4
licenciatura,1419756,3,4
licenciatura,98616,1,3
licenciatura,103385,2,3
licenciatura,104812,1,3
licenciatura,104280,3,4
licenciatura,1147025,2,3
licenciatura,1178556,4,4
licenciatura,1103526,2,2
licenciatura,1103745,2,3
licenciatura,59461,2,4
licenciatura,1268177,2,3
licenciatura,1313180,1,3
licenciatura,1404321,2,4
licenciatura,1405006,4,4
licenciatura,1312197,5,5
licenciatura,1152567,3,4
licenciatura,1152574,3,4
licenciatura,1292766,2,4
licenciatura,1168526,1,3
licenciatura,1153957,2,4
licenciatura,1189755,3,3
licenciatura,70981,4,4
licenciatura,99040,4,4
bacharelado,399040,3,3
licenciatura,1284905,2,3
licenciatura,1350699,2,3
licenciatura,102038,3,4
bacharelado,402038,3,4
licenciatura,102090,4,5
bacharelado,1084262,2,3
bacharelado,118002,4,4
bacharelado,95017,3,4
bacharelado,99406,5,4
bacharelado,112086,2,3
bacharelado,102590,3,4
bacharelado,80779,4,4
bacharelado,118336,3,3
bacharelado,116066,3,4
bacharelado,115728,4,4
bacharelado,1137717,4,4
bacharelado,18671,3,3
bacharelado,103062,4,3
bacharelado,113293,3,3
bacharelado,60428,1,2
bacharelado,60430,4,3
bacharelado,60462,1,2
bacharelado,60464,3,3
bacharelado,64276,3,3
bacharelado,64288,2,2
bacharelado,110926,2,3
bacharelado,1458091,3,3
bacharelado,1214936,5,4
bacharelado,3193,4,4
bacharelado,54172,4,4
bacharelado,7839,4,4
bacharelado,87396,3,4
bacharelado,11554,4,4
bacharelado,116770,3,3
bacharelado,1122221,5,4
bacharelado,116870,3,4
bacharelado,1102674,4,4
bacharelado,87195,5,4
bacharelado,1128364,4,4
bacharelado,1288839,2,3
bacharelado,1132918,4,4
bacharelado,107360,3,4
bacharelado,1136142,4,4
bacharelado,121636,3,4
bacharelado,1106427,1,3
bacharelado,106167,3,4
bacharelado,1300429,4,4
bacharelado,123429,4,4
bacharelado,21600,4,4
bacharelado,101830,3,3
bacharelado,118420,4,4
bacharelado,115582,4,4
bacharelado,1117717,2,3
bacharelado,101558,3,4
bacharelado,1272012,5,4
bacharelado,100816,4,4
bacharelado,120385,4,4
bacharelado,1118057,4,3
bacharelado,1379275,4,4
bacharelado,113813,4,3
bacharelado,65614,4,4
bacharelado,113937,3,3
bacharelado,97778,3,3
bacharelado,20065,4,4
bacharelado,18387,3,4
bacharelado,59109,3,4
bacharelado,121794,2,3
bacharelado,1113852,2,3
bacharelado,1113886,5,5
bacharelado,1310955,3,3
bacharelado,1405629,1,3
bacharelado,1139692,4,4
bacharelado,95706,4,4
bacharelado,60406,3,3
bacharelado,60560,2,3
bacharelado,62382,2,3
bacharelado,83710,2,3
bacharelado,115374,3,3
bacharelado,1286732,3,3
bacharelado,1330352,2,3
bacharelado,1330896,2,3
bacharelado,1314243,3,3
bacharelado,5000135,3,3
bacharelado,122845,4,4
bacharelado,1127925,3,3
bacharelado,1270538,3,4
bacharelado,1191217,4,4
bacharelado,1191221,2,3
bacharelado,1191224,3,4
bacharelado,1101244,3,3
bacharelado,1376000,3,3
bacharelado,1330347,4,4
bacharelado,1181327,4,4
bacharelado,1292727,3,3
bacharelado,1342408,3,3
bacharelado,1382664,3,3
bacharelado,1451148,2,3
bacharelado,1191018,4,4
bacharelado,1404253,4,4
bacharelado,5000578,2,3
bacharelado,1126898,3,3
bacharelado,1191268,2,3
bacharelado,1313407,3,3
bacharelado,17077,2,3
bacharelado,85640,4,4
bacharelado,18384,4,4
bacharelado,1318224,2,3
bacharelado,1102774,4,4
bacharelado,1103034,3,4
bacharelado,18957,2,3
bacharelado,362880,2,2
bacharelado,86326,3,3
bacharelado,1128077,2,3
tecnologico,115664,4,3
tecnologico,121131,4,3
tecnologico,1159447,3,3
tecnologico,5000884,4,3
tecnologico,62742,4,3
tecnologico,1430245,2,3
tecnologico,41278,4,4
tecnologico,1188193,3,4
tecnologico,42461,5,4
tecnologico,60006,4,4
tecnologico,85822,4,4
tecnologico,110144,4,4
tecnologico,116590,5,4
tecnologico,1122749,4,4
tecnologico,1315430,3,3
tecnologico,112630,4,4
tecnologico,1106554,3,3
tecnologico,1166498,4,4
tecnologico,1180600,4,4
tecnologico,1258759,3,3
tecnologico,1270730,4,4
tecnologico,1285254,5,5
tecnologico,1304108,5,4
tecnologico,1427491,5,4
tecnologico,1142424,4,4
tecnologico,1111971,4,4
tecnologico,18277,3,3
tecnologico,100244,4,4
tecnologico,1183332,4,4
tecnologico,1403893,4,4
tecnologico,95104,5,4
tecnologico,1166614,4,4
tecnologico,1188129,4,4
tecnologico,113469,3,4
tecnologico,1313301,3,3
tecnologico,1341342,3,3
tecnologico,1189812,3,3
tecnologico,1150279,3,3
tecnologico,150129,3,3
tecnologico,1103832,2,3
tecnologico,48231,3,3
tecnologico,72017,4,3
tecnologico,121824,4,4
tecnologico,121940,4,4
tecnologico,122124,5,4
tecnologico,123850,4,4
tecnologico,1128356,4,4
tecnologico,1128377,4,3
tecnologico,1166436,4,4
tecnologico,1168576,4,4
tecnologico,1168577,4,4
tecnologico,1181037,3,3
tecnologico,1188348,4,4
tecnologico,1188375,3,3
tecnologico,1188377,4,4
tecnologico,1214442,3,3
tecnologico,1260286,3,4
tecnologico,1260313,3,3
tecnologico,1420636,3,4
tecnologico,1420648,4,4
tecnologico,5001091,4,4
tecnologico,83436,3,3
tecnologico,1270621,4,4
tecnologico,1299197,3,3
tecnologico,48271,4,4
tecnologico,1193457,2,3
tecnologico,1419884,3,3
tecnologico,62638,4,4
tecnologico,88728,3,3
tecnologico,1186003,2,3
tecnologico,1419853,3,3
tecnologico,1156711,3,3
tecnologico,1330186,4,4
tecnologico,1337241,4,4
tecnologico,1363832,4,4
tecnologico,122150,2,3
tecnologico,1188550,3,3
tecnologico,1342612,4,3
tecnologico,100716,5,4
tecnologico,1127035,3,3
tecnologico,1128230,4,3
tecnologico,1168085,3,3
tecnologico,69318,3,3
tecnologico,91909,3,3
tecnologico,96981,3,3
tecnologico,1261310,3,3
tecnologico,1342409,2,3
tecnologico,1404853,5,4
tecnologico,1415487,3,3
tecnologico,1295581,3,3
tecnologico,75347,2,3
tecnologico,79430,4,3
tecnologico,1153085,3,3
tecnologico,1210130,4,4
tecnologico,75359,4,3
tecnologico,107398,3,3
tecnologico,1103759,2,3
tecnologico,1315343,3,3
tecnologico,1364108,4,4
tecnologico,1364335,3,3
tecnologico,1364338,2,3
tecnologico,1314413,3,3
tecnologico,1150328,3,3
tecnologico,116900,4,4
tecnologico,96819,4,4
tecnologico,1264046,5,5
tecnologico,1419856,3,3
tecnologico,96841,2,3
tecnologico,1209155,3,3
tecnologico,1442103,3,3
tecnologico,1103633,5,4
tecnologico,1163800,3,3
tecnologico,1268163,4,4
tecnologico,1313181,2,3
tecnologico,1313182,4,4
tecnologico,1313184,3,4
tecnologico,1313188,3,3
tecnologico,1404236,3,3
tecnologico,1445834,5,5
tecnologico,1454054,3,3
tecnologico,1153960,3,3
tecnologico,1153961,3,3
tecnologico,1313944,3,3
tecnologico,1342766,4,3
tecnologico,1150467,4,3
tecnologico,1160224,4,3
tecnologico,1268536,3,3
tecnologico,1150438,4,3
tecnologico,1149897,3,3
tecnologico,1152201,3,3
tecnologico,1151449,3,3
tecnologico,1150302,3,3
tecnologico,1215132,3,3
tecnologico,1149689,4,3
tecnologico,1150259,4,3
tecnologico,1457365,4,4
tecnologico,1183690,4,3
tecnologico,1321335,3,3
tecnologico,1382749,4,3
tecnologico,1386426,4,3
tecnologico,1458085,4,3
tecnologico,2388,4,3
tecnologico,1286381,3,3
tecnologico,105390,2,4
tecnologico,1150286,4,4
tecnologico,1103821,3,3
tecnologico,102626,5,4
tecnologico,1161236,4,4
tecnologico,1204641,4,4
tecnologico,1259168,3,3
tecnologico,1106607,2,2
tecnologico,1149718,2,2
tecnologico,1203116,4,4
tecnologico,1150397,4,3
tecnologico,1278856,4,4
tecnologico,1156898,2,2
tecnologico,1284534,3,3
tecnologico,1321347,4,3
tecnologico,1371335,3,3
tecnologico,5001434,5,3
tecnologico,99631,2,2
tecnologico,99765,2,3
tecnologico,99894,2,2
tecnologico,121614,4,4
tecnologico,1127191,4,4
tecnologico,100246,5,4
tecnologico,1342459,4,4
tecnologico,58391,5,4
tecnologico,1150486,2,3
tecnologico,1191424,4,3
tecnologico,5000141,3,3
tecnologico,90361,3,3
tecnologico,1188620,2,2
tecnologico,1110052,3,3
tecnologico,1404021,3,3
tecnologico,1102924,3,3
tecnologico,1126033,4,3
tecnologico,1342973,3,3
tecnologico,1377572,5,4
tecnologico,1419849,2,3
tecnologico,1168520,3,3
tecnologico,1149804,3,3
tecnologico,1177589,3,3
